sample_id,rainfall_24h_mm,soil_moisture_pct,slope_deg,ground_movement_mm,elevation_m,curvature,failure_occurred
SMP-00001,140.0,63.4,30.2,6.09,854.0,0.46,1
SMP-00002,93.8,41.8,24.8,7.77,548.0,0.39,0
SMP-00003,80.0,78.9,37.9,8.75,407.0,0.42,1
SMP-00004,254.6,35.5,40.7,2.61,1890.0,-0.26,1
SMP-00005,126.6,93.6,45.9,3.75,2021.0,-0.23,0
SMP-00006,234.6,65.6,50.7,3.9,1342.0,0.22,1
SMP-00007,13.9,37.1,23.4,1.48,2376.0,-0.29,0
SMP-00008,27.3,79.7,26.4,4.29,2109.0,0.27,0
SMP-00009,131.4,52.6,47.4,9.12,1639.0,0.25,1
SMP-00010,40.1,86.5,34.8,3.01,2720.0,-0.4,0
SMP-00011,27.5,62.1,18.1,0.96,1536.0,0.26,0
SMP-00012,144.2,86.7,26.7,4.11,1311.0,-0.35,1
SMP-00013,58.3,62.3,41.4,4.77,1070.0,0.29,0
SMP-00014,72.2,67.2,32.9,5.96,2050.0,0.44,1
SMP-00015,222.7,81.6,49.5,4.17,1977.0,-0.05,1
SMP-00016,82.2,40.0,43.8,8.34,1113.0,-0.1,0
SMP-00017,12.2,76.7,29.9,6.17,1241.0,0.16,0
SMP-00018,141.9,83.1,33.4,7.13,1267.0,0.46,1
SMP-00019,141.7,81.2,14.9,8.96,1485.0,-0.23,1
SMP-00020,255.9,89.6,19.9,8.38,2472.0,-0.16,1
SMP-00021,44.4,92.8,40.7,5.43,2806.0,-0.48,1
SMP-00022,105.1,59.2,18.1,6.29,1731.0,0.04,1
SMP-00023,73.7,55.3,14.8,5.15,1191.0,-0.47,0
SMP-00024,219.9,58.7,43.3,8.38,2053.0,-0.16,1
SMP-00025,237.4,47.9,43.5,3.71,1604.0,-0.45,1
SMP-00026,126.5,66.0,14.2,5.98,2759.0,-0.44,1
SMP-00027,157.7,47.4,27.7,2.53,3024.0,0.23,1
SMP-00028,124.8,66.9,47.3,8.15,644.0,0.4,1
SMP-00029,233.6,34.5,37.0,2.66,2959.0,-0.36,1
SMP-00030,89.9,87.6,31.5,9.42,464.0,-0.4,1
SMP-00031,258.4,84.3,48.5,1.61,2066.0,0.12,1
SMP-00032,40.9,39.2,13.1,1.09,599.0,0.1,0
SMP-00033,55.8,35.6,22.1,5.11,2944.0,-0.01,0
SMP-00034,169.2,86.6,39.6,1.45,1717.0,0.05,0
SMP-00035,254.6,97.6,26.2,0.11,2896.0,-0.44,1
SMP-00036,88.2,40.4,34.5,1.64,1753.0,-0.01,0
SMP-00037,67.2,39.3,46.7,7.22,1771.0,0.08,0
SMP-00038,172.7,30.1,32.6,6.52,1253.0,0.1,1
SMP-00039,235.7,42.8,39.8,2.89,2950.0,0.11,1
SMP-00040,150.4,97.1,40.6,0.96,2525.0,0.15,1
SMP-00041,189.2,52.1,33.1,1.02,676.0,0.26,1
SMP-00042,103.2,96.6,50.8,5.34,2233.0,0.06,1
SMP-00043,80.6,36.4,12.4,6.09,1941.0,0.2,0
SMP-00044,58.7,72.7,13.8,2.27,1299.0,-0.14,0
SMP-00045,136.4,71.9,28.0,3.23,2647.0,-0.37,1
SMP-00046,148.7,41.4,24.7,7.46,637.0,0.32,0
SMP-00047,87.5,82.3,32.8,0.6,3196.0,-0.1,0
SMP-00048,62.3,94.1,22.0,3.09,2288.0,0.41,0
SMP-00049,210.7,84.9,13.9,9.2,1000.0,0.39,1
SMP-00050,91.9,32.7,32.0,6.59,2779.0,0.3,0
SMP-00051,69.2,86.8,33.7,8.52,2181.0,-0.3,1
SMP-00052,89.4,34.0,34.8,1.65,1936.0,-0.28,0
SMP-00053,247.1,46.5,15.7,7.48,1969.0,-0.19,1
SMP-00054,193.9,51.9,34.8,6.29,1101.0,-0.1,1
SMP-00055,198.9,72.7,33.1,0.94,1765.0,-0.32,1
SMP-00056,212.4,54.6,43.5,2.44,1070.0,-0.14,1
SMP-00057,195.2,94.8,13.5,3.74,1023.0,0.36,1
SMP-00058,27.3,57.1,16.3,8.51,348.0,0.09,0
SMP-00059,26.6,76.2,33.6,4.8,1696.0,-0.18,0
SMP-00060,143.0,38.0,51.4,0.3,502.0,0.31,0
SMP-00061,248.6,30.0,28.4,2.74,2442.0,-0.25,1
SMP-00062,210.7,51.6,13.2,5.92,1702.0,-0.35,1
SMP-00063,244.1,87.9,19.1,0.13,2934.0,0.42,1
SMP-00064,224.9,66.6,39.7,7.07,2193.0,0.08,1
SMP-00065,119.9,73.7,35.7,9.05,3153.0,0.19,1
SMP-00066,244.8,69.4,37.2,7.26,1333.0,-0.23,1
SMP-00067,115.5,58.9,24.3,1.2,2745.0,0.15,0
SMP-00068,156.9,91.1,16.4,7.97,481.0,0.19,1
SMP-00069,165.6,45.8,51.0,1.98,873.0,0.33,1
SMP-00070,132.7,61.9,30.1,5.25,606.0,0.07,1
SMP-00071,95.3,63.5,21.4,8.1,1306.0,-0.02,1
SMP-00072,143.9,44.1,32.4,5.78,2920.0,-0.15,1
SMP-00073,221.2,35.6,27.8,9.43,2928.0,0.1,1
SMP-00074,238.5,55.1,32.1,8.68,2823.0,-0.07,1
SMP-00075,98.4,89.7,36.5,1.96,1010.0,0.06,0
SMP-00076,16.9,56.3,45.1,5.49,2745.0,-0.16,0
SMP-00077,137.8,91.4,26.8,9.43,2933.0,-0.37,1
SMP-00078,51.2,87.0,21.3,8.39,2466.0,-0.26,1
SMP-00079,227.8,56.4,30.2,5.03,383.0,0.47,1
SMP-00080,24.4,41.6,21.1,8.93,890.0,-0.03,0
SMP-00081,51.7,65.7,33.7,7.89,2677.0,-0.07,0
SMP-00082,212.7,71.7,12.5,8.93,2916.0,-0.4,1
SMP-00083,76.4,73.6,45.1,6.39,2820.0,-0.47,0
SMP-00084,50.1,73.6,42.0,0.71,1860.0,0.18,0
SMP-00085,152.7,85.3,42.2,9.41,1054.0,-0.27,1
SMP-00086,171.4,91.4,23.4,8.11,1632.0,0.32,1
SMP-00087,255.9,48.0,25.0,3.41,1350.0,-0.3,1
SMP-00088,214.5,44.8,26.6,5.92,562.0,-0.1,1
SMP-00089,78.2,67.3,22.9,4.68,682.0,0.11,0
SMP-00090,45.3,66.7,42.7,7.01,1145.0,0.33,0
SMP-00091,184.2,31.4,37.8,2.57,2712.0,0.25,0
SMP-00092,192.3,73.8,35.7,9.41,2883.0,0.28,1
SMP-00093,178.7,97.2,17.8,4.45,3171.0,0.04,1
SMP-00094,120.5,76.9,36.9,6.09,1217.0,0.26,1
SMP-00095,228.6,53.9,41.2,5.77,2605.0,0.21,1
SMP-00096,35.1,72.5,12.1,9.04,1174.0,0.45,1
SMP-00097,83.8,60.8,32.7,7.02,662.0,-0.36,1
SMP-00098,56.1,42.8,23.2,6.9,2660.0,-0.14,0
SMP-00099,115.9,83.2,19.3,7.66,529.0,-0.19,1
SMP-00100,122.2,89.1,13.5,0.67,774.0,-0.24,0
SMP-00101,30.4,78.8,31.3,0.88,3130.0,-0.33,0
SMP-00102,236.4,49.6,32.5,4.62,1401.0,0.08,1
SMP-00103,121.8,46.6,21.2,1.96,2772.0,-0.16,0
SMP-00104,29.0,38.3,37.3,4.02,3091.0,-0.24,0
SMP-00105,11.7,76.2,23.4,2.24,1337.0,-0.05,0
SMP-00106,165.9,53.8,42.6,5.96,2038.0,0.48,1
SMP-00107,121.1,63.8,36.1,4.09,2866.0,0.23,0
SMP-00108,37.9,30.7,37.8,5.72,2975.0,-0.1,0
SMP-00109,115.6,68.2,20.4,8.54,1208.0,-0.35,0
SMP-00110,225.0,95.1,29.4,6.54,994.0,0.34,1
SMP-00111,204.4,88.8,15.5,6.46,1746.0,0.05,1
SMP-00112,248.5,42.2,36.1,0.91,1342.0,0.09,1
SMP-00113,166.4,75.6,29.7,0.62,1756.0,-0.28,1
SMP-00114,103.6,96.9,14.5,6.55,1244.0,-0.04,1
SMP-00115,203.1,98.0,38.6,3.79,1204.0,-0.04,1
SMP-00116,201.4,77.7,51.6,8.89,1678.0,-0.36,1
SMP-00117,21.0,63.3,44.3,1.13,401.0,0.36,0
SMP-00118,231.2,63.1,28.3,4.21,2021.0,-0.15,1
SMP-00119,107.1,35.6,25.7,5.55,2503.0,0.47,0
SMP-00120,21.6,49.4,41.8,5.99,650.0,0.48,0
SMP-00121,215.6,76.5,32.7,8.02,1816.0,0.45,1
SMP-00122,117.4,84.6,23.1,9.28,2315.0,-0.23,1
SMP-00123,115.9,49.4,51.1,4.68,888.0,0.35,0
SMP-00124,230.9,77.5,29.9,3.11,836.0,0.13,1
SMP-00125,162.1,76.8,18.9,7.22,3120.0,-0.25,1
SMP-00126,250.9,94.7,23.2,3.37,2578.0,0.2,1
SMP-00127,187.0,93.9,23.2,7.11,2882.0,0.33,1
SMP-00128,62.4,88.3,13.9,1.21,3086.0,-0.24,0
SMP-00129,76.0,46.0,23.0,5.03,3121.0,-0.39,0
SMP-00130,99.4,58.3,32.3,5.28,982.0,0.14,1
SMP-00131,82.1,63.8,48.4,4.98,1535.0,0.49,1
SMP-00132,155.2,57.5,23.8,5.16,549.0,-0.4,1
SMP-00133,93.1,64.9,46.0,3.26,1830.0,-0.16,0
SMP-00134,82.4,59.1,19.5,3.59,2449.0,-0.01,0
SMP-00135,186.1,40.2,41.4,7.02,2627.0,-0.47,1
SMP-00136,120.8,55.3,23.8,8.59,2629.0,0.12,1
SMP-00137,161.7,71.7,36.3,7.7,2799.0,0.25,1
SMP-00138,143.2,63.3,25.7,1.18,1884.0,0.23,0
SMP-00139,200.4,56.5,27.3,8.22,1896.0,0.06,1
SMP-00140,81.1,77.5,29.9,2.12,544.0,-0.2,1
SMP-00141,246.7,30.5,13.7,3.28,2074.0,-0.48,0
SMP-00142,217.3,88.4,25.7,5.64,2250.0,-0.47,1
SMP-00143,216.5,71.2,47.5,5.78,2513.0,0.1,1
SMP-00144,164.3,54.0,44.7,2.25,1350.0,-0.15,1
SMP-00145,187.4,95.1,48.0,8.43,1685.0,0.4,1
SMP-00146,119.6,36.4,26.2,4.84,2078.0,0.35,0
SMP-00147,13.6,86.8,41.9,6.09,1988.0,0.0,0
SMP-00148,81.9,73.3,25.0,2.78,2470.0,0.21,0
SMP-00149,244.2,31.9,24.7,0.12,2882.0,0.32,1
SMP-00150,166.5,36.7,40.2,5.33,2612.0,-0.14,1
SMP-00151,54.1,78.0,36.3,6.54,2840.0,0.28,0
SMP-00152,71.8,43.5,48.4,4.14,565.0,-0.24,1
SMP-00153,68.4,59.7,13.9,1.37,905.0,-0.17,0
SMP-00154,84.4,96.8,12.3,5.63,1600.0,-0.32,0
SMP-00155,207.9,71.6,45.0,8.82,2980.0,-0.42,1
SMP-00156,41.1,73.5,51.7,6.48,1540.0,0.08,0
SMP-00157,178.6,89.3,26.1,6.39,972.0,0.3,1
SMP-00158,71.9,74.2,37.7,3.21,1873.0,0.25,0
SMP-00159,40.7,90.3,49.7,4.79,730.0,-0.24,1
SMP-00160,247.9,81.1,18.6,6.08,825.0,-0.3,1
SMP-00161,156.0,65.1,23.2,6.19,1887.0,0.4,1
SMP-00162,99.5,65.4,38.4,0.71,1559.0,0.12,0
SMP-00163,38.3,44.5,47.8,7.75,501.0,0.2,0
SMP-00164,238.0,68.3,32.4,8.04,1195.0,-0.44,1
SMP-00165,103.3,82.7,22.6,1.18,2565.0,0.47,0
SMP-00166,10.3,67.7,50.7,4.83,957.0,-0.03,0
SMP-00167,231.3,88.9,49.2,8.68,311.0,-0.41,1
SMP-00168,153.6,61.6,21.6,0.38,1553.0,-0.19,0
SMP-00169,213.0,38.0,29.8,9.49,1576.0,-0.27,1
SMP-00170,246.4,62.3,28.3,4.86,456.0,-0.43,1
SMP-00171,23.1,63.8,30.2,7.8,1086.0,-0.3,0
SMP-00172,72.5,51.6,30.1,3.42,605.0,0.07,0
SMP-00173,37.8,86.4,42.0,2.24,1016.0,0.35,0
SMP-00174,138.5,51.5,36.9,4.74,930.0,0.18,0
SMP-00175,192.5,76.1,33.7,7.52,1255.0,-0.22,1
SMP-00176,143.4,70.9,45.3,5.88,565.0,-0.48,1
SMP-00177,163.2,48.5,45.3,7.48,455.0,0.21,1
SMP-00178,225.9,52.9,40.4,3.53,2341.0,0.06,1
SMP-00179,216.7,60.9,34.3,5.23,550.0,0.14,1
SMP-00180,125.8,46.4,44.3,1.19,2938.0,0.25,0
SMP-00181,243.0,96.6,45.0,5.45,308.0,-0.05,1
SMP-00182,132.3,70.2,25.9,2.4,1554.0,-0.03,1
SMP-00183,126.8,97.8,38.2,1.16,2449.0,0.01,1
SMP-00184,221.6,83.6,33.7,1.17,783.0,0.36,1
SMP-00185,29.2,44.7,26.3,2.32,1079.0,0.12,0
SMP-00186,233.1,48.5,35.9,5.56,1511.0,0.04,1
SMP-00187,50.5,63.8,36.8,1.5,2746.0,0.45,0
SMP-00188,220.9,94.3,29.6,3.34,400.0,-0.33,1
SMP-00189,20.1,90.4,13.3,8.83,1382.0,-0.49,1
SMP-00190,234.7,60.6,51.0,6.07,1400.0,0.41,1
SMP-00191,209.3,56.1,15.5,4.89,2949.0,-0.49,1
SMP-00192,206.6,94.8,28.2,7.95,1781.0,0.17,1
SMP-00193,224.4,30.7,29.8,8.29,1555.0,-0.13,1
SMP-00194,65.5,67.6,45.0,3.8,1680.0,-0.26,1
SMP-00195,56.8,89.6,34.3,9.44,826.0,-0.04,1
SMP-00196,112.1,93.8,31.9,6.31,2720.0,0.29,1
SMP-00197,68.3,36.5,33.6,9.1,2024.0,-0.01,0
SMP-00198,38.1,84.4,44.7,5.48,828.0,0.25,0
SMP-00199,227.2,35.9,26.2,0.9,429.0,0.04,0
SMP-00200,174.5,36.5,21.7,3.63,562.0,-0.41,1
SMP-00201,251.6,41.4,28.8,4.11,581.0,0.4,1
SMP-00202,188.9,68.4,41.0,1.57,2402.0,0.4,1
SMP-00203,130.8,88.8,24.8,3.66,2972.0,0.49,0
SMP-00204,111.9,46.3,20.3,6.17,902.0,-0.26,0
SMP-00205,184.6,79.5,17.4,0.9,2090.0,0.11,1
SMP-00206,208.4,36.1,32.0,7.32,2913.0,0.04,1
SMP-00207,65.7,64.7,45.3,9.08,2040.0,-0.29,1
SMP-00208,46.2,47.5,32.4,4.75,678.0,0.29,0
SMP-00209,161.1,62.0,22.0,2.38,2609.0,-0.41,0
SMP-00210,166.5,34.2,14.1,7.11,938.0,0.37,1
SMP-00211,238.3,87.6,23.6,2.68,2566.0,0.16,1
SMP-00212,101.8,69.2,40.3,4.77,2579.0,0.45,0
SMP-00213,51.4,34.0,15.6,6.33,2094.0,0.1,0
SMP-00214,157.5,85.8,14.6,1.88,1265.0,-0.35,1
SMP-00215,105.4,84.6,12.8,3.32,2898.0,0.3,0
SMP-00216,162.6,55.1,36.0,4.32,2946.0,0.11,1
SMP-00217,243.5,73.4,41.3,2.84,2448.0,-0.18,1
SMP-00218,192.8,38.9,40.9,6.31,3025.0,-0.01,1
SMP-00219,226.7,33.8,32.5,2.76,1111.0,-0.32,1
SMP-00220,230.2,97.1,32.7,6.36,2476.0,-0.45,1
SMP-00221,249.0,97.1,30.7,5.24,1989.0,-0.11,1
SMP-00222,198.3,83.9,12.2,5.65,1597.0,0.24,1
SMP-00223,53.6,88.7,36.7,1.44,1123.0,-0.41,0
SMP-00224,95.2,59.3,13.8,3.39,423.0,-0.1,1
SMP-00225,186.8,35.5,40.0,3.4,1393.0,-0.14,0
SMP-00226,13.2,38.3,13.3,5.33,1321.0,-0.29,0
SMP-00227,120.5,83.1,45.9,8.52,1036.0,0.31,1
SMP-00228,58.9,66.8,26.2,3.78,3030.0,0.05,0
SMP-00229,53.9,33.8,48.1,5.73,559.0,-0.37,0
SMP-00230,229.8,48.5,51.8,0.89,570.0,0.29,1
SMP-00231,248.6,73.7,39.8,8.91,1805.0,-0.01,1
SMP-00232,82.6,88.1,24.2,6.44,758.0,-0.2,1
SMP-00233,50.9,86.7,34.2,0.59,924.0,-0.45,0
SMP-00234,55.1,90.8,26.0,1.89,1674.0,0.26,0
SMP-00235,225.9,96.5,12.8,2.6,2919.0,0.18,1
SMP-00236,236.4,85.5,12.4,8.82,483.0,0.08,1
SMP-00237,56.3,93.6,51.7,3.82,3088.0,0.44,1
SMP-00238,230.8,52.7,42.7,9.21,341.0,-0.3,1
SMP-00239,249.6,43.3,43.1,3.22,3040.0,0.4,1
SMP-00240,167.1,71.5,13.0,2.49,1224.0,0.1,0
SMP-00241,231.9,64.3,22.3,1.75,2273.0,-0.37,1
SMP-00242,123.8,52.6,46.9,0.28,2170.0,-0.35,1
SMP-00243,250.2,58.3,19.5,3.49,2257.0,-0.43,1
SMP-00244,159.2,97.6,30.3,7.52,2350.0,0.37,1
SMP-00245,77.6,70.1,50.1,0.42,2113.0,-0.03,0
SMP-00246,199.2,74.1,18.0,6.23,1626.0,0.02,1
SMP-00247,48.4,80.9,33.8,2.26,376.0,0.39,0
SMP-00248,77.6,35.4,40.1,5.49,2915.0,0.25,0
SMP-00249,95.6,65.8,35.9,0.67,587.0,0.05,0
SMP-00250,133.5,33.2,48.5,8.11,3017.0,-0.46,1
SMP-00251,189.0,55.5,22.2,4.15,2320.0,0.08,1
SMP-00252,61.8,88.9,24.4,1.29,1960.0,0.15,0
SMP-00253,217.5,96.2,46.9,7.52,906.0,-0.43,1
SMP-00254,189.9,63.3,18.7,0.49,2945.0,-0.06,0
SMP-00255,174.2,32.2,38.5,7.66,1160.0,0.06,1
SMP-00256,211.4,91.1,21.0,4.62,2429.0,0.31,1
SMP-00257,68.8,56.4,27.1,8.36,1034.0,0.29,1
SMP-00258,86.0,87.7,44.1,4.46,2716.0,-0.01,1
SMP-00259,111.1,63.7,48.2,6.49,2526.0,0.3,1
SMP-00260,145.9,68.6,36.0,2.49,464.0,-0.02,0
SMP-00261,12.2,42.2,45.0,5.79,723.0,-0.38,0
SMP-00262,103.1,86.0,50.8,4.61,1702.0,0.43,1
SMP-00263,113.9,54.3,13.8,7.99,1438.0,-0.08,0
SMP-00264,191.0,40.6,18.2,4.05,1842.0,0.2,1
SMP-00265,192.0,34.2,15.5,1.27,2886.0,-0.17,0
SMP-00266,84.0,97.1,40.4,3.84,571.0,0.27,1
SMP-00267,162.6,77.8,38.0,0.15,1410.0,-0.1,1
SMP-00268,149.5,92.8,12.2,8.22,1618.0,0.36,1
SMP-00269,157.1,79.1,18.5,8.25,2819.0,0.12,1
SMP-00270,61.6,33.3,29.5,6.93,943.0,-0.03,0
SMP-00271,158.0,71.7,29.4,0.24,2659.0,0.25,0
SMP-00272,55.8,32.8,43.8,6.34,2966.0,0.09,1
SMP-00273,94.3,87.1,19.4,9.42,2718.0,-0.28,1
SMP-00274,168.3,51.9,18.0,9.29,1175.0,0.1,1
SMP-00275,143.7,39.9,47.6,8.78,1323.0,0.41,1
SMP-00276,257.6,40.4,22.8,2.0,2334.0,-0.44,1
SMP-00277,211.6,70.0,46.4,5.6,2909.0,-0.39,1
SMP-00278,239.1,56.8,26.2,7.07,2831.0,-0.04,1
SMP-00279,235.2,83.8,31.2,9.47,2899.0,-0.33,1
SMP-00280,121.2,75.2,26.7,8.04,1068.0,0.04,1
SMP-00281,142.8,64.7,23.3,6.16,1425.0,-0.14,0
SMP-00282,158.6,55.5,29.1,8.0,570.0,0.28,1
SMP-00283,96.8,87.6,32.0,9.01,1408.0,0.03,1
SMP-00284,239.3,36.5,49.6,3.38,2011.0,-0.21,1
SMP-00285,140.1,67.7,51.6,2.42,1586.0,-0.24,1
SMP-00286,165.7,90.6,43.7,1.53,1477.0,0.48,1
SMP-00287,12.6,66.3,44.1,8.39,2474.0,-0.39,1
SMP-00288,222.6,74.9,16.1,0.95,3182.0,0.29,1
SMP-00289,170.0,50.3,14.5,7.46,2618.0,-0.19,0
SMP-00290,19.0,91.2,49.0,1.76,720.0,0.12,0
SMP-00291,11.7,82.8,15.8,6.14,1199.0,-0.46,0
SMP-00292,148.4,97.6,29.7,2.42,438.0,0.33,1
SMP-00293,202.9,48.0,34.4,1.17,987.0,-0.3,1
SMP-00294,98.5,68.5,36.3,6.23,1144.0,-0.42,1
SMP-00295,41.0,84.1,42.3,3.32,2260.0,-0.05,0
SMP-00296,97.0,82.7,31.2,9.29,2099.0,0.17,1
SMP-00297,121.6,44.6,45.7,2.09,3197.0,0.13,0
SMP-00298,115.9,35.9,35.0,3.46,1209.0,0.33,0
SMP-00299,18.2,32.9,20.7,2.37,1102.0,-0.1,0
SMP-00300,89.5,47.6,15.9,8.74,2332.0,0.04,0
SMP-00301,192.8,38.7,42.6,1.21,2515.0,-0.01,0
SMP-00302,38.2,41.6,32.1,3.6,1202.0,-0.05,0
SMP-00303,144.5,52.1,39.7,2.21,1248.0,-0.34,0
SMP-00304,152.2,36.1,20.3,3.52,1345.0,-0.22,1
SMP-00305,55.8,49.3,35.2,3.25,1655.0,-0.37,0
SMP-00306,95.4,83.7,31.8,4.69,2542.0,0.27,1
SMP-00307,52.2,89.0,22.9,7.35,424.0,-0.04,0
SMP-00308,185.3,66.7,13.6,0.62,552.0,0.41,0
SMP-00309,133.6,72.6,17.9,8.21,2111.0,0.04,1
SMP-00310,73.5,74.1,41.0,0.65,2861.0,0.18,0
SMP-00311,130.3,52.3,50.4,1.96,2712.0,0.24,1
SMP-00312,84.6,64.3,24.0,1.29,1033.0,0.03,0
SMP-00313,117.2,49.5,46.9,6.56,2754.0,0.27,1
SMP-00314,152.4,56.1,28.5,2.53,1516.0,0.36,1
SMP-00315,144.8,41.5,23.8,9.25,1504.0,-0.45,0
SMP-00316,93.1,33.6,46.7,2.41,319.0,-0.32,0
SMP-00317,200.9,50.8,14.4,1.82,3137.0,-0.27,0
SMP-00318,259.4,47.9,38.2,4.62,2621.0,-0.21,1
SMP-00319,70.0,32.7,26.4,5.95,924.0,0.42,0
SMP-00320,67.9,86.2,25.1,1.67,2046.0,0.11,1
SMP-00321,133.6,30.6,41.1,4.77,1351.0,0.02,0
SMP-00322,54.7,70.1,48.0,2.34,2028.0,-0.09,0
SMP-00323,178.2,78.3,38.5,7.85,816.0,-0.45,1
SMP-00324,85.7,74.3,28.2,4.12,1251.0,0.2,1
SMP-00325,218.1,48.6,23.5,8.96,523.0,-0.2,1
SMP-00326,163.8,57.4,30.4,6.98,651.0,-0.48,1
SMP-00327,75.5,58.7,29.5,1.25,2640.0,0.44,0
SMP-00328,104.3,66.5,40.3,0.54,1435.0,-0.41,1
SMP-00329,179.1,75.4,29.5,2.81,388.0,-0.32,1
SMP-00330,245.2,62.6,45.5,8.4,2489.0,0.22,1
SMP-00331,37.7,51.3,19.0,8.85,2898.0,-0.41,0
SMP-00332,73.8,54.9,15.3,2.81,720.0,0.27,0
SMP-00333,202.2,32.8,38.5,8.84,2887.0,0.37,1
SMP-00334,202.5,83.6,45.2,3.66,2177.0,0.21,1
SMP-00335,243.9,52.0,23.0,6.88,2034.0,-0.19,1
SMP-00336,50.6,92.7,45.7,8.54,2931.0,0.27,1
SMP-00337,29.0,66.8,47.5,1.14,1740.0,0.06,0
SMP-00338,60.4,36.5,16.9,6.75,1078.0,0.48,0
SMP-00339,65.6,42.0,49.2,3.95,1457.0,-0.04,0
SMP-00340,259.8,44.1,44.4,1.94,2483.0,-0.19,1
SMP-00341,150.0,77.3,43.3,1.72,1654.0,0.32,1
SMP-00342,112.4,94.0,34.8,7.08,422.0,-0.3,1
SMP-00343,140.0,67.6,13.1,9.13,1084.0,0.0,1
SMP-00344,65.7,63.2,23.1,9.09,662.0,-0.11,1
SMP-00345,69.1,62.0,45.2,1.58,1816.0,0.13,0
SMP-00346,151.1,94.7,47.5,1.3,2232.0,-0.34,1
SMP-00347,21.2,68.5,32.0,3.33,2813.0,-0.4,0
SMP-00348,62.7,44.0,49.7,0.7,2302.0,-0.49,0
SMP-00349,76.2,43.8,13.3,4.03,488.0,0.11,0
SMP-00350,167.7,61.3,31.5,8.27,1394.0,0.22,1
SMP-00351,115.7,70.9,27.2,5.14,471.0,-0.03,1
SMP-00352,27.1,84.7,36.6,4.44,1610.0,0.15,0
SMP-00353,222.9,41.2,24.3,5.57,2317.0,0.14,1
SMP-00354,246.8,54.8,12.4,7.8,385.0,0.39,1
SMP-00355,207.7,74.8,34.3,0.45,1545.0,0.03,1
SMP-00356,236.7,67.3,31.2,6.21,2937.0,0.25,1
SMP-00357,85.6,33.9,17.7,3.03,752.0,0.37,0
SMP-00358,74.6,35.1,31.8,1.18,2979.0,0.14,0
SMP-00359,160.4,44.0,43.7,1.79,2902.0,0.1,0
SMP-00360,253.9,54.5,29.2,6.28,2948.0,-0.22,1
SMP-00361,221.4,88.9,49.4,2.13,1489.0,-0.31,1
SMP-00362,85.7,97.0,42.3,6.79,1704.0,-0.12,1
SMP-00363,39.2,37.3,38.4,3.52,2079.0,-0.25,0
SMP-00364,224.8,68.0,31.9,0.56,2547.0,-0.28,1
SMP-00365,20.8,87.4,50.9,1.16,2666.0,-0.29,0
SMP-00366,115.1,89.9,42.4,6.36,986.0,-0.33,1
SMP-00367,65.7,62.1,23.9,4.15,1542.0,0.34,0
SMP-00368,250.8,30.3,44.9,3.66,496.0,0.48,1
SMP-00369,224.2,79.9,22.5,0.45,594.0,-0.29,1
SMP-00370,33.7,57.6,35.5,6.59,400.0,0.43,0
SMP-00371,132.2,59.4,31.1,5.73,808.0,-0.21,0
SMP-00372,31.8,57.1,42.1,6.88,1581.0,0.47,0
SMP-00373,113.4,53.2,46.9,4.43,3162.0,0.09,1
SMP-00374,40.0,59.5,50.8,4.17,468.0,0.44,0
SMP-00375,74.2,40.1,13.8,9.24,2079.0,-0.16,0
SMP-00376,37.0,94.9,33.2,6.67,519.0,0.3,0
SMP-00377,140.3,53.9,16.3,4.23,2231.0,-0.41,0
SMP-00378,100.8,74.3,12.9,0.43,1480.0,-0.22,0
SMP-00379,48.2,71.2,30.5,8.56,933.0,0.24,0
SMP-00380,29.1,49.2,18.7,1.3,935.0,0.49,0
SMP-00381,123.0,53.5,13.8,2.29,2218.0,-0.25,0
SMP-00382,75.3,74.7,30.0,8.42,1854.0,0.12,1
SMP-00383,24.5,33.5,17.2,7.05,1054.0,-0.28,0
SMP-00384,166.3,80.0,31.6,7.88,2954.0,0.07,1
SMP-00385,123.1,32.4,41.9,3.01,1414.0,-0.23,0
SMP-00386,59.4,30.4,31.4,1.03,968.0,-0.34,0
SMP-00387,202.8,58.8,16.2,1.18,2207.0,0.15,1
SMP-00388,147.5,58.1,51.4,2.04,1024.0,0.08,1
SMP-00389,110.5,81.4,46.5,2.95,381.0,0.18,1
SMP-00390,13.2,53.1,19.1,2.15,3122.0,0.33,0
SMP-00391,94.0,43.5,45.7,5.04,1706.0,-0.3,1
SMP-00392,145.8,81.7,43.4,0.37,510.0,-0.27,1
SMP-00393,226.7,50.0,32.2,3.24,820.0,-0.25,1
SMP-00394,238.3,44.0,31.6,6.28,2430.0,-0.18,1
SMP-00395,128.0,39.2,19.2,3.87,2229.0,0.37,0
SMP-00396,207.3,66.1,14.5,4.6,2091.0,-0.27,1
SMP-00397,221.2,57.9,25.5,4.79,1000.0,-0.0,1
SMP-00398,244.6,51.3,31.6,8.15,2308.0,0.48,1
SMP-00399,194.7,93.1,51.8,3.28,934.0,-0.34,1
SMP-00400,66.1,45.9,14.3,8.4,2161.0,-0.35,0
SMP-00401,44.0,42.4,38.5,2.64,1401.0,-0.47,0
SMP-00402,143.7,30.1,47.7,2.12,2961.0,0.46,0
SMP-00403,112.1,50.9,37.6,5.16,2239.0,0.28,1
SMP-00404,20.9,73.0,48.7,2.16,2122.0,0.16,0
SMP-00405,41.7,59.9,21.1,5.67,2769.0,-0.3,0
SMP-00406,31.6,49.8,12.2,2.85,364.0,-0.24,0
SMP-00407,259.7,75.0,20.7,2.86,2945.0,0.19,1
SMP-00408,195.5,34.2,20.2,2.85,2601.0,-0.27,0
SMP-00409,84.9,51.6,50.5,5.71,1355.0,0.12,0
SMP-00410,149.1,93.6,31.8,3.34,532.0,0.08,1
SMP-00411,247.4,38.5,12.2,5.38,1047.0,-0.21,1
SMP-00412,124.4,57.9,15.5,6.27,2372.0,0.06,0
SMP-00413,248.0,74.6,14.7,0.62,2117.0,-0.27,1
SMP-00414,31.2,47.8,49.5,6.92,1671.0,-0.34,0
SMP-00415,66.7,49.1,26.4,5.93,2951.0,-0.4,0
SMP-00416,222.9,61.1,49.8,6.78,2206.0,-0.42,1
SMP-00417,52.2,35.2,44.0,6.69,1515.0,-0.38,0
SMP-00418,148.7,82.3,41.8,6.84,2625.0,-0.42,1
SMP-00419,97.7,64.4,39.9,1.42,476.0,-0.17,0
SMP-00420,186.7,34.0,23.9,5.66,2942.0,-0.08,1
SMP-00421,126.5,69.7,34.2,4.29,2396.0,0.36,1
SMP-00422,249.6,39.2,44.1,5.85,1725.0,-0.46,1
SMP-00423,132.1,88.6,20.3,5.89,2577.0,0.1,1
SMP-00424,137.7,51.2,34.6,0.54,969.0,0.19,0
SMP-00425,41.8,80.0,34.6,4.13,2142.0,-0.05,0
SMP-00426,41.9,56.7,27.1,4.46,1741.0,-0.14,0
SMP-00427,34.9,38.3,24.2,0.31,1863.0,-0.08,0
SMP-00428,109.1,92.6,39.1,1.02,911.0,-0.0,0
SMP-00429,61.7,94.9,36.2,4.19,2165.0,-0.3,0
SMP-00430,82.2,55.8,25.0,5.36,1586.0,-0.33,1
SMP-00431,60.9,93.7,50.0,3.44,2295.0,0.06,1
SMP-00432,71.5,97.4,46.9,6.36,973.0,0.4,1
SMP-00433,222.0,78.7,29.6,4.25,2999.0,0.25,1
SMP-00434,20.6,94.1,36.2,5.02,2467.0,-0.34,0
SMP-00435,15.7,69.6,16.9,9.43,460.0,0.08,1
SMP-00436,26.5,72.3,23.7,5.85,847.0,0.43,1
SMP-00437,25.1,54.2,47.8,9.27,1910.0,0.3,0
SMP-00438,202.5,93.5,25.1,8.57,546.0,-0.37,1
SMP-00439,14.8,50.0,43.2,7.8,2055.0,-0.21,0
SMP-00440,18.3,63.3,17.0,9.06,1449.0,-0.48,0
SMP-00441,90.0,92.5,14.1,1.6,1575.0,-0.3,1
SMP-00442,83.9,86.1,49.5,1.27,2752.0,-0.35,0
SMP-00443,77.2,69.0,20.4,4.21,1071.0,0.33,0
SMP-00444,98.5,46.1,41.5,0.32,2139.0,-0.08,0
SMP-00445,162.2,75.1,17.7,7.45,765.0,0.46,1
SMP-00446,243.2,62.5,42.9,7.85,1589.0,0.43,1
SMP-00447,165.2,62.8,27.9,5.04,1042.0,-0.34,1
SMP-00448,235.3,42.0,38.5,9.02,389.0,-0.24,1
SMP-00449,94.6,66.5,13.1,0.13,2494.0,-0.3,0
SMP-00450,189.5,83.1,29.7,5.72,1023.0,-0.38,1
SMP-00451,202.7,77.7,37.5,7.78,1235.0,0.36,1
SMP-00452,173.9,84.7,33.6,4.64,1698.0,0.38,1
SMP-00453,252.9,89.2,22.6,4.03,2420.0,0.34,1
SMP-00454,39.6,87.9,27.3,4.78,1334.0,0.33,0
SMP-00455,227.7,76.9,17.9,7.81,2905.0,-0.11,1
SMP-00456,140.8,55.8,47.1,8.94,623.0,-0.39,1
SMP-00457,98.6,73.8,14.6,1.53,1300.0,-0.03,0
SMP-00458,224.7,69.8,40.7,1.59,1661.0,-0.28,1
SMP-00459,250.9,35.0,31.5,1.96,949.0,0.28,1
SMP-00460,153.6,33.0,51.7,3.57,2411.0,-0.18,0
SMP-00461,228.7,96.2,35.0,6.37,1875.0,0.28,1
SMP-00462,243.1,73.0,46.7,9.46,2571.0,0.38,1
SMP-00463,41.5,42.2,28.3,1.85,1505.0,-0.14,0
SMP-00464,65.0,66.3,42.7,3.68,1370.0,-0.3,0
SMP-00465,90.9,73.0,22.1,3.64,1248.0,-0.1,0
SMP-00466,223.3,37.7,16.9,4.9,1281.0,-0.05,0
SMP-00467,26.2,55.9,36.8,6.54,2564.0,0.05,0
SMP-00468,104.6,76.2,18.5,0.51,837.0,0.44,0
SMP-00469,28.9,94.2,36.9,2.58,2986.0,-0.36,0
SMP-00470,117.6,30.8,12.4,2.07,436.0,-0.08,0
SMP-00471,10.1,80.0,35.9,1.01,2669.0,0.3,0
SMP-00472,76.7,87.0,17.7,0.62,2609.0,-0.4,0
SMP-00473,184.7,52.3,22.9,9.29,889.0,0.1,1
SMP-00474,43.0,35.4,35.1,3.22,685.0,0.36,0
SMP-00475,14.9,68.3,48.8,5.35,978.0,0.02,0
SMP-00476,240.9,63.2,30.5,5.32,2965.0,0.07,1
SMP-00477,134.8,55.3,45.7,7.85,1153.0,0.45,1
SMP-00478,182.6,93.5,21.2,1.01,1452.0,-0.26,1
SMP-00479,82.0,48.8,36.9,5.54,1105.0,-0.33,0
SMP-00480,246.7,38.6,35.5,8.32,846.0,-0.16,1
SMP-00481,28.2,48.1,13.7,4.85,601.0,-0.15,0
SMP-00482,234.5,72.4,14.3,8.38,507.0,0.3,1
SMP-00483,97.7,83.5,51.5,8.71,2457.0,0.13,1
SMP-00484,175.5,37.5,15.0,5.7,722.0,0.47,0
SMP-00485,96.9,52.0,36.3,2.17,2557.0,-0.16,0
SMP-00486,177.9,52.0,45.6,6.23,731.0,-0.32,1
SMP-00487,161.0,80.7,32.5,0.98,1484.0,-0.22,1
SMP-00488,75.7,73.2,43.3,4.04,1596.0,0.22,0
SMP-00489,189.3,39.3,22.3,1.27,1131.0,-0.16,1
SMP-00490,256.7,31.7,39.9,5.27,1469.0,0.5,1
SMP-00491,102.6,58.2,21.6,8.65,3056.0,-0.38,0
SMP-00492,10.5,53.0,31.7,6.07,1731.0,0.13,0
SMP-00493,236.5,32.7,30.9,0.93,1201.0,-0.4,1
SMP-00494,25.6,38.5,37.5,5.71,317.0,0.24,0
SMP-00495,84.3,97.8,51.1,0.86,2380.0,0.11,1
SMP-00496,180.5,42.7,26.2,8.47,952.0,-0.07,1
SMP-00497,75.4,89.3,43.7,1.03,2044.0,-0.24,0
SMP-00498,201.1,70.5,13.8,6.05,2505.0,-0.42,1
SMP-00499,215.0,78.9,36.5,3.89,1233.0,-0.47,1
SMP-00500,214.7,39.4,40.3,2.1,2784.0,0.13,1
SMP-00501,150.1,69.1,48.7,4.21,2863.0,0.4,1
SMP-00502,203.1,72.0,28.1,2.36,771.0,-0.3,1
SMP-00503,185.9,77.3,24.7,3.86,1782.0,0.01,1
SMP-00504,30.9,70.7,39.1,0.33,638.0,-0.38,0
SMP-00505,29.2,54.1,49.7,4.02,1761.0,-0.28,0
SMP-00506,49.8,85.8,44.9,9.06,1223.0,-0.09,1
SMP-00507,256.9,33.7,32.7,5.36,1710.0,-0.06,1
SMP-00508,121.4,86.6,18.5,9.35,1785.0,0.19,1
SMP-00509,135.6,77.3,33.8,9.03,2364.0,-0.34,1
SMP-00510,146.5,72.7,48.4,8.73,1797.0,-0.35,1
SMP-00511,73.8,82.5,19.0,9.31,3101.0,0.17,1
SMP-00512,238.4,30.5,14.1,7.19,517.0,0.19,1
SMP-00513,10.9,54.6,43.1,6.94,337.0,-0.16,0
SMP-00514,218.5,95.4,33.1,0.25,1017.0,0.31,1
SMP-00515,256.1,86.2,33.1,3.38,1776.0,-0.26,1
SMP-00516,114.1,73.6,51.4,2.26,1302.0,-0.38,1
SMP-00517,250.6,40.1,26.8,6.16,787.0,0.04,1
SMP-00518,254.9,89.9,49.1,1.11,547.0,-0.06,1
SMP-00519,106.8,72.6,38.5,1.79,2768.0,0.35,0
SMP-00520,171.1,91.5,38.0,6.07,637.0,0.13,1
SMP-00521,44.0,42.0,26.8,8.62,1310.0,0.33,0
SMP-00522,161.2,77.2,29.8,9.22,581.0,-0.08,1
SMP-00523,34.3,53.2,22.1,7.7,369.0,-0.49,0
SMP-00524,160.8,85.4,44.4,1.28,1376.0,-0.44,1
SMP-00525,236.8,90.0,46.1,4.23,891.0,0.03,1
SMP-00526,138.1,88.6,37.4,6.92,2777.0,0.16,1
SMP-00527,91.1,52.5,39.4,1.29,1958.0,0.48,0
SMP-00528,131.8,90.2,38.5,5.04,1395.0,-0.25,1
SMP-00529,164.8,87.6,19.1,9.23,538.0,0.29,1
SMP-00530,234.7,71.4,19.5,5.78,1934.0,-0.26,1
SMP-00531,229.8,69.3,32.4,4.48,756.0,0.15,1
SMP-00532,105.7,63.9,14.3,5.8,462.0,-0.16,0
SMP-00533,249.2,36.1,49.3,7.32,1617.0,0.49,1
SMP-00534,245.6,97.8,26.9,0.73,2235.0,-0.06,1
SMP-00535,87.7,58.2,28.5,2.66,1224.0,-0.49,0
SMP-00536,32.3,33.5,36.4,0.98,2774.0,-0.06,0
SMP-00537,100.0,44.9,15.5,6.03,1286.0,0.15,0
SMP-00538,36.5,32.8,47.5,5.02,393.0,0.05,0
SMP-00539,142.6,55.1,27.3,6.46,2709.0,-0.21,0
SMP-00540,86.4,78.6,17.3,7.43,1167.0,0.2,0
SMP-00541,200.0,72.4,29.5,0.8,2046.0,0.26,1
SMP-00542,125.3,71.4,15.1,2.83,1610.0,-0.07,1
SMP-00543,223.7,50.8,44.8,8.8,2271.0,-0.46,1
SMP-00544,22.2,82.6,32.5,2.03,1126.0,0.21,0
SMP-00545,125.2,51.6,22.1,0.73,820.0,-0.28,0
SMP-00546,258.4,42.7,46.7,0.71,1357.0,-0.43,1
SMP-00547,44.6,79.2,45.6,7.59,2268.0,0.31,1
SMP-00548,177.1,85.7,17.5,2.65,2894.0,0.17,0
SMP-00549,109.7,58.6,49.2,5.31,1337.0,0.1,1
SMP-00550,224.0,33.5,35.0,5.99,2384.0,0.29,1
SMP-00551,205.0,40.5,44.3,3.69,2496.0,-0.48,1
SMP-00552,231.8,46.3,48.4,2.19,1563.0,0.05,1
SMP-00553,45.3,78.7,20.0,1.43,577.0,-0.04,0
SMP-00554,24.5,60.7,51.0,3.6,471.0,-0.31,0
SMP-00555,109.7,41.8,24.2,8.21,1847.0,-0.24,1
SMP-00556,246.3,82.9,30.3,3.05,1696.0,0.19,1
SMP-00557,190.6,61.7,42.4,3.22,767.0,0.19,1
SMP-00558,195.2,79.0,35.8,9.27,737.0,0.09,1
SMP-00559,137.2,33.5,46.6,9.49,1010.0,-0.28,1
SMP-00560,233.4,96.4,23.8,5.43,2576.0,-0.03,1
SMP-00561,74.0,85.4,40.2,3.28,2243.0,-0.48,1
SMP-00562,73.6,91.7,42.7,5.27,1045.0,0.24,1
SMP-00563,74.3,76.2,31.7,5.68,642.0,-0.06,1
SMP-00564,20.3,95.3,12.8,1.13,1692.0,-0.24,0
SMP-00565,105.9,42.9,30.4,0.93,2765.0,0.23,0
SMP-00566,176.2,61.0,20.8,1.17,1094.0,0.15,0
SMP-00567,79.0,66.5,16.4,0.85,1761.0,0.33,0
SMP-00568,54.7,43.8,39.0,4.35,1465.0,-0.49,0
SMP-00569,83.9,43.6,35.4,9.32,2694.0,-0.36,0
SMP-00570,242.9,58.5,20.2,7.64,472.0,0.35,1
SMP-00571,225.9,75.8,12.9,1.97,2632.0,0.5,1
SMP-00572,154.9,35.8,28.6,9.18,3158.0,-0.36,1
SMP-00573,250.8,75.8,44.1,1.68,2407.0,0.4,1
SMP-00574,234.3,89.3,39.3,1.64,825.0,-0.28,1
SMP-00575,88.6,86.7,38.4,5.67,1674.0,0.45,0
SMP-00576,108.6,85.1,40.0,5.08,809.0,0.45,1
SMP-00577,123.0,73.7,43.9,2.04,1026.0,-0.25,0
SMP-00578,138.1,48.0,14.5,2.33,453.0,0.41,0
SMP-00579,105.0,62.7,15.0,0.65,2651.0,-0.1,0
SMP-00580,188.8,50.2,24.6,8.24,3101.0,0.39,1
SMP-00581,183.5,90.4,20.8,8.16,1208.0,0.42,1
SMP-00582,227.1,87.3,46.2,7.05,2391.0,-0.48,1
SMP-00583,90.7,70.7,28.3,5.67,2043.0,-0.02,0
SMP-00584,127.7,32.5,20.5,8.27,1236.0,0.1,1
SMP-00585,163.7,77.5,36.8,0.94,2531.0,-0.38,0
SMP-00586,220.4,85.2,48.5,4.47,2143.0,-0.39,1
SMP-00587,23.6,72.1,46.2,1.48,455.0,-0.46,0
SMP-00588,226.0,63.2,45.4,5.51,1357.0,0.39,1
SMP-00589,19.4,46.0,32.3,6.62,2983.0,0.47,0
SMP-00590,78.1,83.5,51.4,8.7,798.0,-0.29,1
SMP-00591,125.5,59.7,33.5,5.26,2100.0,0.42,0
SMP-00592,205.0,58.1,18.5,5.96,1662.0,0.4,1
SMP-00593,43.6,60.9,43.3,0.17,2923.0,-0.06,0
SMP-00594,245.7,86.7,38.9,8.48,1297.0,0.3,1
SMP-00595,121.4,88.5,49.8,8.55,3001.0,0.4,1
SMP-00596,64.6,33.3,24.9,7.8,1033.0,-0.42,0
SMP-00597,219.2,83.4,46.6,0.34,3148.0,0.37,1
SMP-00598,73.7,38.8,20.7,6.23,1604.0,-0.18,0
SMP-00599,207.3,79.0,13.5,7.44,2524.0,0.1,1
SMP-00600,95.3,86.8,16.3,2.85,1201.0,-0.1,0
SMP-00601,176.0,77.4,30.3,8.28,976.0,0.18,1
SMP-00602,164.4,60.1,28.7,0.37,2362.0,-0.31,0
SMP-00603,128.5,76.5,16.0,8.89,2145.0,0.5,1
SMP-00604,251.6,38.3,21.7,0.73,2835.0,-0.25,0
SMP-00605,28.7,60.2,14.7,4.76,1666.0,0.07,0
SMP-00606,115.0,58.2,48.1,5.38,1184.0,-0.08,1
SMP-00607,62.8,35.6,19.4,2.5,857.0,-0.41,0
SMP-00608,255.7,49.7,26.4,2.72,2446.0,0.14,1
SMP-00609,78.0,66.7,41.0,6.82,2239.0,-0.3,1
SMP-00610,59.7,69.6,28.7,9.04,2994.0,0.33,1
SMP-00611,106.6,92.9,50.2,8.13,373.0,0.03,1
SMP-00612,84.0,51.7,32.1,4.7,2208.0,-0.03,0
SMP-00613,35.0,35.5,49.3,6.44,608.0,0.43,0
SMP-00614,167.6,48.9,37.4,2.79,2953.0,-0.06,0
SMP-00615,208.3,41.2,34.5,7.8,423.0,-0.37,1
SMP-00616,174.4,49.2,50.1,5.29,1217.0,0.36,1
SMP-00617,143.8,87.7,46.6,8.47,1878.0,-0.01,1
SMP-00618,169.0,41.9,39.7,1.07,1162.0,-0.08,0
SMP-00619,22.1,54.4,22.1,5.72,1090.0,0.2,0
SMP-00620,84.3,39.9,25.0,1.79,2584.0,0.4,0
SMP-00621,100.7,67.7,19.1,2.81,1856.0,0.0,0
SMP-00622,247.8,93.0,49.2,8.33,845.0,-0.21,1
SMP-00623,40.9,30.6,22.8,7.63,1829.0,-0.41,0
SMP-00624,102.6,53.0,39.9,1.7,3029.0,-0.25,1
SMP-00625,32.0,80.1,24.0,3.11,1423.0,-0.28,0
SMP-00626,227.9,79.6,17.4,6.54,2287.0,-0.27,1
SMP-00627,181.0,55.2,41.6,7.14,2236.0,-0.15,1
SMP-00628,135.3,61.1,51.3,4.45,1238.0,0.37,1
SMP-00629,153.4,88.1,47.1,3.28,391.0,0.45,1
SMP-00630,252.3,57.2,44.0,7.53,3093.0,0.35,1
SMP-00631,145.2,65.6,12.2,8.65,600.0,-0.12,1
SMP-00632,110.1,55.1,27.3,8.38,409.0,0.39,1
SMP-00633,132.6,47.5,28.4,6.18,1385.0,-0.42,0
SMP-00634,241.7,89.5,18.6,7.86,891.0,0.09,1
SMP-00635,73.5,55.9,16.0,4.6,1893.0,0.4,0
SMP-00636,37.4,38.5,12.3,6.35,970.0,0.12,0
SMP-00637,195.3,84.4,42.2,8.84,1592.0,0.07,1
SMP-00638,161.5,44.1,44.5,3.27,1259.0,0.07,1
SMP-00639,131.3,77.7,17.4,5.33,2726.0,-0.38,1
SMP-00640,223.7,66.1,21.4,3.26,1278.0,-0.23,1
SMP-00641,25.4,30.3,33.1,8.62,2881.0,0.06,0
SMP-00642,155.2,40.1,35.5,3.16,1321.0,0.23,0
SMP-00643,204.9,42.8,31.0,0.15,391.0,-0.5,1
SMP-00644,228.1,53.7,25.3,1.39,3159.0,-0.29,1
SMP-00645,119.1,45.2,21.6,4.45,2655.0,0.03,0
SMP-00646,235.8,46.4,40.6,2.63,966.0,0.29,1
SMP-00647,90.4,85.7,33.4,0.53,1606.0,0.47,1
SMP-00648,176.7,66.0,34.5,5.58,2661.0,0.04,1
SMP-00649,47.2,38.5,31.3,0.9,672.0,-0.39,0
SMP-00650,130.5,55.1,34.5,7.71,2779.0,-0.45,1
SMP-00651,24.2,47.6,16.6,7.17,1740.0,-0.41,0
SMP-00652,91.1,61.0,12.2,1.47,2864.0,-0.08,0
SMP-00653,219.7,67.9,20.5,7.11,475.0,-0.42,1
SMP-00654,165.0,46.0,14.7,6.6,2192.0,0.3,1
SMP-00655,101.9,88.2,14.1,7.03,399.0,-0.24,1
SMP-00656,160.0,76.5,12.3,8.75,960.0,0.41,1
SMP-00657,66.9,57.7,50.8,6.75,1112.0,0.25,0
SMP-00658,171.4,93.8,35.6,1.94,2697.0,-0.23,1
SMP-00659,82.2,83.8,20.6,4.71,2065.0,0.08,0
SMP-00660,127.7,38.1,45.9,2.24,2190.0,0.45,1
SMP-00661,36.7,54.0,14.8,5.12,823.0,-0.24,0
SMP-00662,55.8,90.2,26.8,9.18,2913.0,0.27,0
SMP-00663,24.7,48.8,18.0,6.24,2332.0,-0.32,0
SMP-00664,74.6,97.0,48.6,0.39,2304.0,0.08,1
SMP-00665,220.1,89.2,42.2,4.1,1716.0,-0.39,1
SMP-00666,115.4,75.3,30.7,4.22,2433.0,0.25,1
SMP-00667,251.4,62.9,32.7,8.61,1961.0,0.36,1
SMP-00668,62.5,33.0,32.6,1.96,2146.0,0.04,0
SMP-00669,196.2,36.8,27.9,0.55,2953.0,0.26,1
SMP-00670,136.3,47.8,37.1,6.74,2229.0,-0.25,1
SMP-00671,35.5,57.2,37.7,4.42,1996.0,0.06,0
SMP-00672,136.0,93.6,46.1,1.41,1211.0,-0.36,1
SMP-00673,70.6,70.6,29.2,5.41,743.0,0.34,1
SMP-00674,190.8,70.1,33.0,4.16,1225.0,0.33,1
SMP-00675,211.1,71.2,34.3,4.19,1213.0,-0.47,1
SMP-00676,181.7,66.1,24.5,5.89,1713.0,-0.1,1
SMP-00677,176.5,40.9,42.4,9.26,469.0,0.28,1
SMP-00678,82.9,63.7,27.0,1.83,2021.0,-0.37,0
SMP-00679,17.2,57.0,37.5,7.86,2779.0,0.38,0
SMP-00680,255.6,46.4,33.1,5.31,1873.0,0.45,1
SMP-00681,234.1,80.1,46.8,8.47,3123.0,-0.38,1
SMP-00682,45.5,78.7,13.4,0.97,3142.0,0.08,0
SMP-00683,60.9,76.4,48.9,1.94,3099.0,-0.13,0
SMP-00684,177.8,36.3,27.9,1.17,2182.0,0.21,0
SMP-00685,203.9,44.1,38.0,4.8,3182.0,-0.07,1
SMP-00686,149.3,46.1,46.6,7.33,838.0,-0.26,1
SMP-00687,234.0,77.5,39.0,3.95,2110.0,0.25,1
SMP-00688,122.0,39.6,23.7,6.32,1084.0,0.36,0
SMP-00689,48.9,76.5,33.9,0.53,1026.0,-0.23,0
SMP-00690,87.6,84.5,47.8,4.71,1603.0,0.43,1
SMP-00691,246.3,31.3,38.0,1.06,1924.0,-0.08,1
SMP-00692,169.2,40.3,40.2,3.24,2066.0,-0.29,0
SMP-00693,37.1,46.4,34.4,6.24,2579.0,0.06,0
SMP-00694,133.2,55.9,34.8,6.29,1164.0,0.23,1
SMP-00695,181.6,43.1,50.6,8.45,351.0,0.31,1
SMP-00696,129.6,94.9,25.2,4.42,888.0,-0.28,1
SMP-00697,254.7,80.3,48.8,8.71,3142.0,0.23,1
SMP-00698,51.3,56.4,49.1,5.28,2468.0,0.04,1
SMP-00699,91.4,53.8,23.8,0.72,783.0,-0.22,0
SMP-00700,65.7,43.1,24.8,2.35,3104.0,0.28,0
SMP-00701,152.9,35.9,20.4,9.28,2772.0,-0.2,1
SMP-00702,247.0,97.2,31.5,6.79,459.0,-0.42,1
SMP-00703,124.7,54.3,48.6,8.6,2282.0,-0.48,1
SMP-00704,231.9,72.7,43.5,5.32,1171.0,-0.28,1
SMP-00705,114.8,50.3,49.6,4.72,1488.0,0.16,1
SMP-00706,217.4,39.3,18.4,8.38,2944.0,0.05,1
SMP-00707,154.0,45.5,34.4,3.13,2155.0,0.1,0
SMP-00708,247.0,35.7,41.7,5.47,2714.0,-0.34,1
SMP-00709,75.5,88.0,33.1,3.82,2129.0,-0.11,0
SMP-00710,226.1,91.8,28.7,7.6,2356.0,-0.04,1
SMP-00711,141.7,64.7,33.2,5.7,770.0,-0.27,1
SMP-00712,219.8,41.2,20.1,1.09,2892.0,-0.39,1
SMP-00713,72.5,91.6,39.5,2.34,1510.0,0.27,1
SMP-00714,174.5,35.1,20.9,2.92,2191.0,-0.25,0
SMP-00715,49.9,47.4,34.8,5.82,305.0,-0.43,0
SMP-00716,26.4,96.1,51.3,6.43,2820.0,-0.39,1
SMP-00717,192.7,48.7,46.7,1.34,2557.0,0.26,1
SMP-00718,48.5,52.9,52.0,5.89,2297.0,-0.28,0
SMP-00719,170.1,65.3,50.5,7.41,3156.0,-0.35,1
SMP-00720,79.0,35.1,43.5,8.17,2702.0,-0.04,0
SMP-00721,148.3,34.1,30.9,3.39,1681.0,-0.34,0
SMP-00722,202.4,95.0,28.7,8.89,573.0,0.26,1
SMP-00723,173.4,66.5,43.9,6.48,1920.0,0.48,1
SMP-00724,138.9,82.1,40.4,4.92,1254.0,-0.42,1
SMP-00725,43.0,80.7,43.7,0.13,972.0,0.19,0
SMP-00726,222.8,91.1,30.9,3.63,1345.0,0.02,1
SMP-00727,101.3,40.6,12.4,8.32,2707.0,-0.01,0
SMP-00728,67.6,95.5,12.5,2.46,918.0,0.39,0
SMP-00729,118.4,31.1,46.7,0.5,1223.0,0.1,0
SMP-00730,15.7,85.6,45.3,8.04,2275.0,0.44,1
SMP-00731,188.7,58.2,19.0,3.3,876.0,-0.2,1
SMP-00732,143.9,65.4,34.1,5.43,1946.0,0.17,1
SMP-00733,13.3,84.2,38.9,1.13,2346.0,0.36,0
SMP-00734,202.9,61.8,42.6,2.78,410.0,-0.41,1
SMP-00735,55.9,55.8,26.9,8.31,2942.0,0.13,0
SMP-00736,154.0,54.3,48.3,1.27,1641.0,-0.35,0
SMP-00737,241.7,32.5,23.6,0.59,896.0,0.22,1
SMP-00738,74.6,64.5,15.5,6.25,1334.0,0.28,0
SMP-00739,181.2,60.2,21.9,7.37,3150.0,-0.32,1
SMP-00740,38.5,47.9,26.5,0.83,473.0,0.23,0
SMP-00741,135.7,48.7,40.7,3.37,2320.0,0.19,0
SMP-00742,21.6,71.0,33.9,7.01,890.0,-0.37,1
SMP-00743,217.1,50.5,46.0,5.46,1875.0,-0.33,1
SMP-00744,15.8,83.9,27.1,6.24,2088.0,0.26,0
SMP-00745,41.7,63.6,16.6,1.88,1302.0,0.35,0
SMP-00746,187.7,72.9,23.2,8.66,1552.0,-0.34,1
SMP-00747,15.7,44.7,37.9,0.96,1133.0,-0.09,0
SMP-00748,53.4,91.6,39.4,7.39,2143.0,-0.47,1
SMP-00749,56.2,80.5,46.5,1.37,2736.0,-0.41,0
SMP-00750,217.6,58.2,39.3,4.62,1183.0,-0.41,1
SMP-00751,138.6,47.5,19.1,7.04,806.0,0.23,1
SMP-00752,249.5,91.6,46.1,9.09,2123.0,-0.46,1
SMP-00753,201.3,45.2,41.1,0.51,1212.0,-0.21,0
SMP-00754,135.1,41.8,21.1,4.21,2429.0,0.43,0
SMP-00755,26.9,49.8,39.9,0.5,555.0,0.41,0
SMP-00756,189.1,64.7,45.6,4.94,685.0,-0.45,1
SMP-00757,258.8,42.7,51.7,9.42,792.0,-0.29,1
SMP-00758,230.0,78.1,32.8,8.53,2774.0,-0.33,1
SMP-00759,210.8,48.6,16.8,6.37,1182.0,-0.47,0
SMP-00760,32.8,73.6,36.4,5.57,327.0,-0.15,0
SMP-00761,160.8,34.7,28.6,4.0,873.0,-0.04,0
SMP-00762,111.4,85.3,21.4,2.54,3006.0,-0.27,0
SMP-00763,134.3,72.7,24.1,1.24,1236.0,0.18,0
SMP-00764,13.4,30.0,18.9,8.3,980.0,-0.11,0
SMP-00765,86.1,81.0,33.9,1.07,2803.0,0.09,0
SMP-00766,137.2,53.4,47.7,4.76,819.0,-0.22,1
SMP-00767,34.2,91.2,42.9,7.61,1306.0,-0.03,1
SMP-00768,30.3,38.1,31.4,4.73,1168.0,-0.38,0
SMP-00769,242.1,56.5,18.2,1.19,2397.0,0.35,0
SMP-00770,255.5,53.1,14.9,5.2,1170.0,0.42,1
SMP-00771,243.4,55.2,45.4,2.01,563.0,-0.35,1
SMP-00772,253.4,46.6,15.8,8.55,1401.0,0.27,1
SMP-00773,127.2,93.1,46.6,7.55,3048.0,-0.49,1
SMP-00774,221.8,66.1,26.1,5.37,1251.0,0.17,1
SMP-00775,12.7,87.2,41.5,4.99,1525.0,-0.39,1
SMP-00776,170.7,67.7,23.1,3.08,676.0,0.01,1
SMP-00777,240.0,77.3,39.3,8.27,469.0,0.19,1
SMP-00778,56.2,64.5,16.3,4.37,839.0,0.18,0
SMP-00779,106.9,34.9,30.8,0.19,1694.0,0.31,0
SMP-00780,109.6,38.1,47.3,7.96,2162.0,-0.19,0
SMP-00781,126.5,62.5,27.4,2.93,1351.0,0.5,0
SMP-00782,220.0,58.4,17.5,3.67,2893.0,0.38,1
SMP-00783,57.2,89.6,13.8,3.08,1842.0,0.09,0
SMP-00784,114.2,45.3,28.9,7.85,3178.0,0.1,0
SMP-00785,171.7,47.0,42.4,2.96,2747.0,-0.27,1
SMP-00786,204.0,54.4,22.2,4.09,1457.0,-0.47,1
SMP-00787,144.2,36.7,36.5,0.6,3028.0,0.47,0
SMP-00788,181.9,62.3,26.5,1.88,3065.0,-0.42,0
SMP-00789,150.8,81.0,20.5,7.53,3165.0,-0.49,1
SMP-00790,45.1,51.3,34.0,3.65,1103.0,-0.24,0
SMP-00791,215.9,62.0,12.6,5.73,2506.0,-0.11,1
SMP-00792,180.9,59.5,41.6,0.16,1437.0,-0.08,1
SMP-00793,23.7,69.4,32.1,7.08,1497.0,0.19,0
SMP-00794,110.6,90.8,35.3,6.05,468.0,0.37,1
SMP-00795,244.4,30.0,16.2,6.98,1300.0,-0.05,1
SMP-00796,145.2,59.3,47.6,6.24,305.0,-0.06,1
SMP-00797,205.8,64.4,22.6,6.89,1045.0,-0.35,1
SMP-00798,172.5,44.5,39.6,4.17,2340.0,0.45,1
SMP-00799,167.1,89.1,24.6,9.35,1881.0,-0.1,1
SMP-00800,154.5,35.8,24.6,3.65,599.0,0.44,0
SMP-00801,10.2,31.4,36.5,6.13,2918.0,0.32,0
SMP-00802,132.4,33.6,26.2,1.25,892.0,0.01,0
SMP-00803,180.1,52.4,26.8,6.97,2271.0,-0.19,1
SMP-00804,112.7,82.2,28.8,1.53,2662.0,0.02,1
SMP-00805,49.5,50.1,20.3,6.9,1063.0,0.05,0
SMP-00806,122.0,48.3,27.0,3.41,371.0,-0.31,0
SMP-00807,187.6,39.4,39.1,8.79,457.0,-0.15,1
SMP-00808,220.4,30.3,16.6,3.54,605.0,-0.22,1
SMP-00809,95.9,56.1,29.7,4.34,1256.0,-0.1,0
SMP-00810,24.8,39.7,42.7,2.14,471.0,0.29,0
SMP-00811,83.8,46.1,18.0,6.24,918.0,-0.4,0
SMP-00812,97.1,66.8,40.9,9.41,678.0,0.49,1
SMP-00813,118.5,52.3,26.4,4.57,2629.0,-0.35,1
SMP-00814,154.8,79.6,33.5,0.68,957.0,0.41,1
SMP-00815,189.4,59.2,47.7,0.23,2034.0,-0.23,1
SMP-00816,255.1,35.0,25.3,2.82,2833.0,-0.48,0
SMP-00817,259.2,37.7,45.1,0.57,1277.0,0.06,1
SMP-00818,52.2,33.7,34.8,6.78,1472.0,0.04,0
SMP-00819,143.6,55.8,25.2,7.55,1068.0,0.34,0
SMP-00820,231.6,59.5,26.1,6.31,1887.0,-0.28,1
SMP-00821,189.8,78.2,30.1,3.19,2285.0,-0.23,1
SMP-00822,256.9,60.9,28.1,3.95,743.0,0.5,1
SMP-00823,44.5,72.7,35.4,7.96,1271.0,0.18,0
SMP-00824,245.4,96.6,43.8,7.74,1018.0,-0.35,1
SMP-00825,189.7,37.8,21.9,3.54,1385.0,-0.46,1
SMP-00826,128.4,70.9,39.6,2.74,1121.0,-0.5,1
SMP-00827,13.2,53.2,26.6,8.89,2566.0,0.05,0
SMP-00828,11.4,79.7,24.9,3.64,386.0,0.29,0
SMP-00829,222.1,90.7,29.0,8.88,345.0,-0.14,1
SMP-00830,142.2,32.3,49.7,4.29,2934.0,-0.23,1
SMP-00831,186.3,49.2,17.7,2.26,763.0,-0.33,0
SMP-00832,248.8,51.9,45.1,4.73,2120.0,0.41,1
SMP-00833,171.7,79.8,40.9,9.17,2156.0,-0.44,1
SMP-00834,136.8,82.8,23.0,7.13,1466.0,0.18,1
SMP-00835,197.7,84.3,49.6,2.16,1535.0,-0.14,1
SMP-00836,76.0,40.8,20.0,7.31,1905.0,0.19,0
SMP-00837,126.3,75.1,40.8,1.08,1317.0,0.29,0
SMP-00838,245.2,86.5,19.4,4.25,799.0,-0.22,1
SMP-00839,205.8,89.8,46.3,1.14,1153.0,0.43,1
SMP-00840,180.3,59.0,35.0,5.29,2685.0,0.33,1
SMP-00841,94.1,72.3,47.2,3.14,1458.0,0.03,1
SMP-00842,49.6,76.3,35.2,2.0,1875.0,0.46,0
SMP-00843,154.2,69.1,33.7,2.26,2441.0,0.31,1
SMP-00844,130.9,65.8,42.2,6.55,1182.0,0.35,1
SMP-00845,220.7,84.3,45.1,6.19,1798.0,0.31,1
SMP-00846,117.2,30.1,21.9,1.89,2158.0,0.06,0
SMP-00847,99.9,65.2,32.2,9.22,1633.0,-0.16,1
SMP-00848,139.1,58.3,45.0,6.31,1163.0,0.26,1
SMP-00849,87.4,97.4,23.3,4.89,1479.0,0.16,1
SMP-00850,232.5,78.1,22.8,8.48,2308.0,-0.15,1
SMP-00851,13.6,70.8,22.8,1.35,680.0,-0.49,0
SMP-00852,131.2,97.4,19.1,7.12,648.0,0.47,1
SMP-00853,40.4,58.5,19.4,8.2,521.0,0.25,0
SMP-00854,122.5,49.0,25.0,0.88,2288.0,0.4,0
SMP-00855,82.1,61.8,17.9,2.89,393.0,0.43,0
SMP-00856,63.4,78.3,23.2,1.27,1189.0,0.41,0
SMP-00857,29.6,37.2,32.3,7.24,1002.0,-0.29,0
SMP-00858,46.3,82.7,17.9,3.08,2747.0,-0.31,0
SMP-00859,63.1,93.1,12.9,5.86,1409.0,-0.4,1
SMP-00860,109.6,76.2,13.6,0.59,933.0,-0.39,0
SMP-00861,258.2,87.1,18.0,3.6,1969.0,0.33,1
SMP-00862,105.1,42.4,15.0,9.03,1865.0,-0.23,1
SMP-00863,60.2,48.7,43.1,1.32,1575.0,-0.1,0
SMP-00864,129.1,48.4,28.4,3.16,2639.0,0.3,0
SMP-00865,215.7,93.9,20.7,8.47,873.0,-0.08,1
SMP-00866,85.0,84.4,20.3,4.28,3011.0,-0.24,0
SMP-00867,158.3,30.5,47.7,6.92,2664.0,0.4,1
SMP-00868,79.4,67.1,12.1,2.2,1317.0,-0.11,0
SMP-00869,30.7,91.9,19.6,5.43,1102.0,-0.32,0
SMP-00870,126.1,59.9,42.2,1.92,2339.0,0.29,0
SMP-00871,221.4,85.8,27.8,4.11,781.0,-0.01,1
SMP-00872,229.8,30.5,41.7,1.85,532.0,0.35,1
SMP-00873,166.0,74.0,43.6,3.59,352.0,0.42,1
SMP-00874,41.6,49.0,19.9,5.45,1203.0,0.46,0
SMP-00875,139.2,31.4,12.2,4.39,1134.0,0.07,0
SMP-00876,203.1,58.9,37.5,1.6,1315.0,-0.17,1
SMP-00877,238.8,68.1,25.8,7.32,2619.0,-0.33,1
SMP-00878,161.9,56.7,36.9,6.07,1325.0,0.09,1
SMP-00879,42.2,53.9,48.8,7.75,2662.0,0.01,0
SMP-00880,50.3,77.5,50.4,5.44,1454.0,0.33,0
SMP-00881,102.0,42.0,36.9,6.48,879.0,-0.32,1
SMP-00882,95.2,86.6,21.2,7.46,766.0,0.13,1
SMP-00883,41.9,66.7,49.0,7.86,2036.0,-0.37,1
SMP-00884,149.8,37.9,35.3,9.28,407.0,-0.3,1
SMP-00885,245.0,62.6,14.3,8.86,2539.0,-0.26,1
SMP-00886,221.1,34.1,34.8,6.32,1132.0,-0.35,1
SMP-00887,257.6,69.0,26.8,7.38,2269.0,-0.14,1
SMP-00888,19.8,72.6,17.3,3.1,1272.0,-0.04,0
SMP-00889,163.1,68.7,30.1,4.34,2014.0,-0.01,1
SMP-00890,216.1,48.0,31.9,1.71,547.0,-0.14,0
SMP-00891,88.2,56.5,15.9,2.64,530.0,0.46,0
SMP-00892,194.0,68.0,34.8,7.35,684.0,0.31,1
SMP-00893,120.6,89.8,27.3,4.24,1724.0,0.46,1
SMP-00894,117.1,58.0,39.0,7.76,3021.0,-0.07,1
SMP-00895,182.1,67.5,12.8,0.45,2995.0,0.2,1
SMP-00896,190.8,65.3,50.2,6.72,453.0,-0.5,1
SMP-00897,47.5,86.0,24.8,1.33,2436.0,0.13,0
SMP-00898,91.1,56.5,45.8,6.5,1047.0,-0.49,0
SMP-00899,97.9,40.0,43.7,2.96,1941.0,-0.17,0
SMP-00900,45.1,63.7,17.6,5.68,551.0,-0.42,0
SMP-00901,45.4,69.0,16.2,3.63,329.0,0.19,0
SMP-00902,75.2,79.7,27.5,5.09,2519.0,-0.12,0
SMP-00903,167.4,58.0,32.5,8.55,2135.0,0.16,1
SMP-00904,73.1,54.4,23.7,4.67,3072.0,0.23,0
SMP-00905,164.4,47.7,13.5,3.82,1865.0,0.06,1
SMP-00906,109.1,36.6,27.6,1.03,2248.0,0.28,0
SMP-00907,38.6,73.1,45.1,1.21,1387.0,0.03,0
SMP-00908,21.7,67.3,47.5,4.71,545.0,-0.21,0
SMP-00909,215.0,55.7,46.7,7.74,1388.0,0.2,1
SMP-00910,138.6,32.0,43.4,8.7,1639.0,-0.38,1
SMP-00911,102.0,83.3,16.6,5.03,2938.0,-0.02,1
SMP-00912,152.5,56.3,42.8,7.72,1076.0,-0.24,1
SMP-00913,102.4,61.6,44.0,9.25,2234.0,-0.33,1
SMP-00914,243.8,33.9,42.1,6.97,1290.0,0.41,1
SMP-00915,183.9,96.4,37.4,0.39,2279.0,-0.0,1
SMP-00916,249.4,70.3,22.1,5.95,978.0,0.2,1
SMP-00917,31.4,49.7,50.2,6.74,1646.0,-0.22,0
SMP-00918,38.5,97.6,49.7,5.23,657.0,0.22,1
SMP-00919,37.8,78.4,41.6,7.28,2021.0,0.11,1
SMP-00920,75.2,61.8,15.9,1.32,1686.0,-0.12,0
SMP-00921,24.0,66.6,29.9,6.28,1932.0,0.46,0
SMP-00922,152.6,67.3,16.4,8.86,1884.0,-0.15,1
SMP-00923,71.4,83.3,17.5,5.74,1590.0,-0.18,0
SMP-00924,139.2,39.7,43.1,8.43,551.0,-0.35,1
SMP-00925,228.8,46.3,25.9,4.4,3166.0,-0.06,1
SMP-00926,196.5,96.0,48.8,6.59,2727.0,-0.25,1
SMP-00927,72.4,86.9,35.7,7.17,2972.0,-0.26,1
SMP-00928,188.7,61.9,27.2,3.85,2116.0,-0.48,1
SMP-00929,73.0,42.1,40.4,0.6,2373.0,0.42,0
SMP-00930,29.4,53.3,24.6,7.12,746.0,0.28,0
SMP-00931,140.7,64.9,43.9,3.24,2191.0,-0.28,1
SMP-00932,119.7,46.4,48.0,3.03,1189.0,-0.45,1
SMP-00933,54.5,31.7,50.2,6.25,1284.0,-0.49,0
SMP-00934,213.1,30.2,48.5,9.18,2736.0,-0.35,1
SMP-00935,115.1,32.4,52.0,5.41,979.0,-0.39,0
SMP-00936,29.7,91.2,14.3,6.03,2770.0,-0.37,0
SMP-00937,208.3,78.5,45.7,2.21,3101.0,-0.06,1
SMP-00938,155.2,85.3,15.4,3.35,1653.0,-0.44,1
SMP-00939,87.8,42.0,41.0,5.44,1914.0,0.5,0
SMP-00940,149.6,59.3,31.7,1.59,1201.0,-0.34,0
SMP-00941,41.3,86.1,24.3,8.67,1366.0,-0.34,1
SMP-00942,141.6,31.1,50.6,7.02,2909.0,0.09,1
SMP-00943,134.7,34.7,34.0,3.85,3119.0,0.11,0
SMP-00944,123.6,48.6,46.1,6.54,1000.0,0.38,1
SMP-00945,21.6,44.9,13.2,0.97,2360.0,0.46,0
SMP-00946,155.9,59.7,34.6,4.66,2698.0,0.45,1
SMP-00947,126.2,74.9,42.4,1.5,375.0,-0.23,0
SMP-00948,194.4,74.0,40.1,1.23,1776.0,0.25,1
SMP-00949,251.2,64.2,26.3,9.45,1054.0,-0.28,1
SMP-00950,44.0,82.4,42.7,9.04,2789.0,-0.25,1
SMP-00951,23.2,31.0,15.1,6.4,1119.0,-0.14,0
SMP-00952,211.6,54.7,28.6,7.79,1147.0,-0.34,1
SMP-00953,184.9,58.4,36.8,0.89,1524.0,-0.3,1
SMP-00954,228.8,63.1,33.6,5.06,2493.0,0.31,1
SMP-00955,228.8,90.3,25.5,6.31,1660.0,-0.48,1
SMP-00956,102.0,75.5,29.3,2.28,1092.0,0.09,0
SMP-00957,17.1,79.8,42.7,1.23,2658.0,0.45,0
SMP-00958,163.9,62.6,46.5,5.45,2921.0,0.46,1
SMP-00959,128.9,30.4,41.7,8.29,2655.0,0.12,0
SMP-00960,248.3,50.5,47.7,6.19,1135.0,0.18,1
SMP-00961,230.7,39.4,50.5,5.0,2784.0,0.45,1
SMP-00962,75.9,73.4,47.2,7.88,2824.0,0.31,1
SMP-00963,215.1,64.6,27.8,2.22,1835.0,-0.17,1
SMP-00964,161.2,44.0,26.3,3.8,2007.0,0.26,0
SMP-00965,62.1,32.3,51.9,2.92,2160.0,0.19,0
SMP-00966,186.9,67.4,42.3,6.32,2573.0,0.48,1
SMP-00967,35.5,85.0,16.6,1.91,1641.0,0.09,0
SMP-00968,24.8,95.1,12.4,9.0,655.0,-0.24,1
SMP-00969,223.6,71.9,25.7,3.44,1213.0,0.19,1
SMP-00970,11.7,79.2,14.9,3.91,1773.0,-0.01,0
SMP-00971,175.0,31.7,17.3,6.18,2311.0,0.14,0
SMP-00972,203.6,96.5,37.9,3.39,1310.0,-0.2,1
SMP-00973,196.1,86.1,45.7,4.02,318.0,0.05,1
SMP-00974,109.5,74.1,31.8,4.82,1440.0,0.12,1
SMP-00975,177.8,60.3,49.1,1.79,1384.0,0.38,1
SMP-00976,209.5,72.6,48.4,1.54,330.0,-0.47,1
SMP-00977,241.7,43.6,23.8,4.67,1528.0,-0.08,1
SMP-00978,165.8,76.5,32.1,4.62,2132.0,0.09,1
SMP-00979,11.9,71.6,21.8,4.29,910.0,0.08,0
SMP-00980,249.7,35.2,12.3,6.61,2877.0,0.11,1
SMP-00981,65.7,84.3,47.4,4.25,2455.0,0.2,1
SMP-00982,173.8,84.2,51.0,9.02,1060.0,0.11,1
SMP-00983,34.2,43.0,30.6,0.79,1690.0,0.11,0
SMP-00984,135.7,92.7,41.6,2.83,2446.0,0.5,1
SMP-00985,98.5,48.8,29.5,5.94,893.0,0.34,0
SMP-00986,243.0,69.3,42.6,8.67,2841.0,-0.23,1
SMP-00987,155.2,40.8,51.9,6.81,1014.0,-0.02,1
SMP-00988,28.2,87.5,41.6,6.45,2439.0,0.14,1
SMP-00989,42.9,72.6,29.5,1.08,2295.0,-0.39,0
SMP-00990,31.2,45.7,32.1,9.16,878.0,-0.2,0
SMP-00991,50.2,96.1,21.5,4.0,2585.0,-0.01,1
SMP-00992,215.0,82.5,42.4,4.96,3132.0,-0.3,1
SMP-00993,93.2,92.0,14.6,5.63,838.0,-0.42,1
SMP-00994,51.5,40.6,30.0,3.49,1223.0,-0.19,0
SMP-00995,75.6,39.4,15.2,1.78,1345.0,-0.2,0
SMP-00996,173.3,54.4,35.7,0.54,1571.0,-0.33,0
SMP-00997,124.0,44.2,42.8,9.09,2811.0,-0.29,1
SMP-00998,53.8,33.8,27.4,6.16,1536.0,-0.31,0
SMP-00999,237.9,78.1,24.2,9.39,3022.0,-0.36,1
SMP-01000,168.6,46.3,47.3,8.17,1342.0,0.38,1
SMP-01001,250.3,51.5,22.7,3.22,2674.0,-0.21,1
SMP-01002,161.6,54.1,39.0,6.68,405.0,0.28,1
SMP-01003,54.8,45.6,49.6,0.36,2303.0,0.19,0
SMP-01004,163.6,36.1,43.6,3.15,2271.0,0.3,1
SMP-01005,122.4,85.2,42.8,4.4,2612.0,-0.15,1
SMP-01006,254.1,40.8,22.5,7.45,678.0,-0.17,1
SMP-01007,223.2,77.8,37.5,8.69,1727.0,-0.33,1
SMP-01008,134.6,31.0,24.6,7.8,2648.0,-0.47,1
SMP-01009,73.9,85.7,27.3,0.56,3140.0,-0.49,0
SMP-01010,125.3,63.5,35.9,8.25,1206.0,-0.36,1
SMP-01011,20.0,46.6,18.8,7.49,2726.0,-0.22,0
SMP-01012,93.0,58.5,43.9,8.87,1403.0,0.35,1
SMP-01013,248.0,51.6,32.2,3.4,1595.0,-0.08,1
SMP-01014,121.7,70.1,49.3,4.52,3088.0,0.36,1
SMP-01015,140.6,68.1,26.2,7.85,2672.0,-0.09,1
SMP-01016,83.6,79.9,14.0,1.26,1720.0,0.25,0
SMP-01017,178.8,68.8,17.1,4.27,1545.0,-0.31,0
SMP-01018,130.1,86.5,48.9,6.04,2003.0,0.01,1
SMP-01019,205.1,89.2,27.7,1.17,1816.0,0.17,0
SMP-01020,155.7,91.7,35.2,9.3,416.0,0.37,1
SMP-01021,228.3,45.6,47.8,1.36,748.0,-0.06,1
SMP-01022,55.0,92.2,23.4,2.12,1245.0,0.17,0
SMP-01023,161.6,85.6,40.9,0.71,2059.0,0.01,1
SMP-01024,151.4,77.0,35.1,6.27,2894.0,-0.2,1
SMP-01025,91.8,44.0,27.0,7.61,1921.0,0.33,0
SMP-01026,46.6,91.4,35.9,3.12,3065.0,-0.28,0
SMP-01027,73.1,46.5,14.3,1.67,2583.0,0.45,0
SMP-01028,177.7,73.2,27.6,4.04,1339.0,-0.47,1
SMP-01029,218.3,66.4,25.1,8.17,773.0,0.08,1
SMP-01030,205.3,43.8,36.4,6.72,1922.0,0.12,1
SMP-01031,211.7,41.9,18.5,4.96,1197.0,0.16,1
SMP-01032,146.6,66.1,22.1,6.17,1476.0,-0.2,1
SMP-01033,100.0,92.8,19.7,2.66,3045.0,0.31,0
SMP-01034,44.3,91.1,14.8,3.48,2292.0,-0.45,0
SMP-01035,184.9,66.6,20.5,7.62,2952.0,-0.15,1
SMP-01036,159.2,46.4,27.4,7.31,668.0,0.45,1
SMP-01037,163.8,55.9,29.8,1.33,754.0,-0.33,1
SMP-01038,48.0,92.9,20.9,7.18,2585.0,-0.21,0
SMP-01039,68.8,84.6,12.2,8.79,2047.0,-0.24,1
SMP-01040,178.4,63.7,30.3,0.56,2612.0,0.07,1
SMP-01041,242.1,87.9,12.6,4.52,2128.0,-0.43,1
SMP-01042,176.5,44.3,22.7,7.96,2530.0,0.1,1
SMP-01043,96.1,56.4,43.0,5.36,2524.0,0.16,1
SMP-01044,242.3,92.8,36.6,6.84,1587.0,0.36,1
SMP-01045,29.2,41.5,27.2,4.82,3117.0,0.16,0
SMP-01046,184.1,93.9,37.2,5.87,375.0,-0.5,1
SMP-01047,230.4,53.2,17.9,8.96,1718.0,0.37,1
SMP-01048,135.2,47.3,38.7,7.35,545.0,0.35,1
SMP-01049,106.0,56.9,48.0,8.81,2657.0,0.33,1
SMP-01050,227.8,66.7,37.0,4.27,2024.0,0.1,1
SMP-01051,240.8,50.5,13.0,1.54,2943.0,-0.47,1
SMP-01052,63.2,90.7,13.1,5.49,3014.0,0.24,0
SMP-01053,177.3,74.1,50.8,4.99,1127.0,0.3,1
SMP-01054,30.8,31.9,20.6,1.78,1115.0,0.16,0
SMP-01055,255.1,76.7,48.4,5.46,696.0,0.04,1
SMP-01056,224.4,60.1,32.1,7.28,999.0,-0.45,1
SMP-01057,26.2,84.3,32.1,4.08,2587.0,0.13,0
SMP-01058,180.6,39.9,50.2,8.7,2002.0,0.4,1
SMP-01059,30.1,90.6,15.0,0.46,2370.0,-0.25,0
SMP-01060,244.6,45.7,44.3,0.91,1800.0,0.3,1
SMP-01061,53.7,32.3,36.9,1.79,2900.0,-0.45,0
SMP-01062,96.0,36.5,37.9,6.23,2808.0,0.06,1
SMP-01063,40.2,48.0,21.7,1.4,2290.0,-0.31,0
SMP-01064,197.6,43.5,25.0,2.38,797.0,-0.07,0
SMP-01065,90.3,51.2,34.4,8.94,2972.0,-0.09,0
SMP-01066,128.4,45.0,16.9,0.78,2997.0,0.42,0
SMP-01067,196.5,71.3,26.2,6.11,3017.0,0.13,1
SMP-01068,148.7,82.9,46.2,0.73,2874.0,0.26,1
SMP-01069,107.7,30.1,41.2,3.21,1846.0,0.49,0
SMP-01070,90.7,66.8,49.2,7.02,2234.0,-0.32,1
SMP-01071,232.5,58.7,19.6,0.28,1740.0,-0.25,1
SMP-01072,214.1,68.8,20.0,5.21,1899.0,-0.47,1
SMP-01073,101.1,58.7,42.8,3.37,2021.0,0.25,0
SMP-01074,36.7,41.9,40.4,9.37,1671.0,0.38,0
SMP-01075,113.9,63.2,13.4,2.33,665.0,-0.0,0
SMP-01076,138.5,74.9,25.1,0.94,1339.0,0.19,1
SMP-01077,162.9,34.2,15.6,8.35,914.0,-0.43,1
SMP-01078,213.9,65.9,45.5,4.91,2600.0,0.01,1
SMP-01079,153.1,58.4,26.6,5.59,695.0,0.03,1
SMP-01080,18.2,82.7,29.4,8.25,1808.0,0.46,0
SMP-01081,85.9,38.3,31.7,1.21,2871.0,0.25,0
SMP-01082,211.5,51.9,13.3,8.7,2062.0,-0.37,1
SMP-01083,15.7,65.5,33.3,8.55,2332.0,-0.26,0
SMP-01084,245.8,67.8,34.7,4.15,575.0,-0.31,1
SMP-01085,136.5,65.4,41.7,2.75,1379.0,0.39,0
SMP-01086,242.4,40.1,42.6,9.44,380.0,-0.29,1
SMP-01087,99.4,90.5,46.2,2.77,333.0,0.13,1
SMP-01088,162.2,60.2,34.2,0.97,1724.0,-0.29,0
SMP-01089,83.2,95.2,15.8,3.19,2912.0,0.24,0
SMP-01090,28.8,57.4,13.0,3.91,624.0,-0.08,0
SMP-01091,199.7,36.8,18.8,9.18,1822.0,-0.04,0
SMP-01092,12.2,40.9,27.4,0.22,2115.0,0.46,0
SMP-01093,41.1,83.8,44.9,3.74,1556.0,-0.3,0
SMP-01094,146.1,42.7,17.2,2.19,1049.0,0.01,0
SMP-01095,246.5,46.6,46.5,2.41,493.0,-0.44,1
SMP-01096,103.3,85.3,38.5,4.47,3199.0,-0.1,1
SMP-01097,256.8,59.7,31.5,5.76,3132.0,-0.42,1
SMP-01098,152.0,41.5,23.7,1.04,707.0,-0.2,0
SMP-01099,69.0,75.2,48.0,3.21,1430.0,-0.05,1
SMP-01100,179.5,43.1,23.4,5.55,2715.0,0.31,1
SMP-01101,211.5,67.3,24.4,5.46,2128.0,-0.24,1
SMP-01102,114.1,56.8,25.8,7.96,647.0,-0.25,1
SMP-01103,259.5,47.8,51.2,2.26,366.0,0.31,1
SMP-01104,215.5,79.3,30.9,0.52,2612.0,0.02,1
SMP-01105,238.9,63.3,39.7,7.46,2288.0,0.16,1
SMP-01106,29.1,48.8,34.6,6.4,1060.0,-0.2,0
SMP-01107,17.8,87.0,21.6,5.29,2953.0,-0.41,0
SMP-01108,95.1,46.3,14.4,2.76,2510.0,0.32,0
SMP-01109,198.1,72.3,43.5,5.92,1731.0,-0.48,1
SMP-01110,246.7,63.0,41.3,0.93,691.0,-0.28,1
SMP-01111,154.3,93.6,41.4,8.69,663.0,-0.1,1
SMP-01112,93.7,34.1,30.2,5.12,2990.0,0.28,0
SMP-01113,187.2,97.9,22.4,2.72,2095.0,-0.35,1
SMP-01114,110.7,38.7,13.1,7.19,439.0,-0.29,0
SMP-01115,100.4,81.6,47.7,1.24,1667.0,0.0,1
SMP-01116,120.9,31.7,19.9,6.3,2030.0,0.42,0
SMP-01117,190.4,76.5,39.5,2.16,1336.0,-0.13,1
SMP-01118,144.5,61.5,33.3,2.82,1397.0,-0.38,1
SMP-01119,259.7,77.8,18.2,5.12,3109.0,-0.05,1
SMP-01120,104.4,72.1,23.5,0.14,2904.0,0.43,0
SMP-01121,94.2,41.0,12.3,2.68,1501.0,-0.19,0
SMP-01122,43.3,49.1,47.9,0.82,663.0,-0.33,0
SMP-01123,41.5,37.3,28.4,2.42,353.0,0.21,0
SMP-01124,140.4,95.7,36.5,2.93,2451.0,0.01,1
SMP-01125,92.5,36.8,36.7,3.11,2241.0,0.3,0
SMP-01126,115.1,47.9,33.8,2.56,2739.0,0.11,0
SMP-01127,153.2,80.5,23.8,2.42,1718.0,-0.43,0
SMP-01128,210.0,66.3,39.2,0.35,2193.0,-0.42,1
SMP-01129,135.8,63.0,25.9,3.22,2869.0,0.17,0
SMP-01130,35.0,54.3,31.1,0.93,2758.0,0.09,0
SMP-01131,96.7,41.8,39.4,4.16,1607.0,-0.33,0
SMP-01132,228.6,52.0,18.9,5.95,3168.0,0.15,1
SMP-01133,179.1,41.5,37.4,2.52,2518.0,-0.16,0
SMP-01134,32.3,51.0,39.8,4.08,2042.0,0.26,0
SMP-01135,209.7,47.5,17.9,5.03,961.0,-0.1,0
SMP-01136,130.5,78.3,24.7,5.28,746.0,0.34,1
SMP-01137,41.8,79.7,13.5,1.87,545.0,0.01,0
SMP-01138,12.4,70.6,23.7,3.71,1701.0,0.22,0
SMP-01139,19.8,55.8,47.0,6.48,928.0,0.14,1
SMP-01140,174.4,44.4,38.6,5.23,2608.0,0.03,1
SMP-01141,146.1,53.6,42.8,0.63,1981.0,0.22,0
SMP-01142,21.8,69.3,36.9,9.22,1459.0,-0.49,0
SMP-01143,202.1,90.9,29.9,0.92,1512.0,0.45,1
SMP-01144,235.0,31.8,47.3,0.6,1469.0,-0.11,0
SMP-01145,231.2,77.8,22.7,8.19,563.0,0.45,1
SMP-01146,147.5,42.7,44.1,7.24,3122.0,0.47,1
SMP-01147,17.3,41.7,29.2,4.02,2185.0,0.44,0
SMP-01148,19.4,97.7,47.8,8.84,2145.0,0.43,1
SMP-01149,113.3,80.7,36.0,1.71,1401.0,0.07,1
SMP-01150,162.0,59.4,30.5,8.43,1852.0,-0.27,1
SMP-01151,99.0,61.1,29.4,7.14,2921.0,0.46,1
SMP-01152,24.3,63.7,14.4,1.2,546.0,0.31,0
SMP-01153,259.0,68.6,33.7,8.4,968.0,-0.0,1
SMP-01154,98.8,77.9,24.3,0.12,1713.0,0.36,0
SMP-01155,176.0,86.3,21.1,1.29,406.0,-0.15,1
SMP-01156,233.2,88.1,16.5,7.21,843.0,-0.47,1
SMP-01157,242.3,44.9,15.0,1.66,3150.0,-0.12,0
SMP-01158,167.4,33.8,24.1,6.59,1526.0,-0.13,1
SMP-01159,110.3,53.9,39.6,3.11,801.0,-0.04,0
SMP-01160,134.9,64.4,45.4,5.16,3199.0,0.21,1
SMP-01161,252.7,48.6,44.7,6.57,3070.0,-0.06,1
SMP-01162,106.1,54.8,26.1,1.72,1319.0,-0.11,0
SMP-01163,33.5,67.7,38.3,8.65,2810.0,0.29,0
SMP-01164,38.6,56.6,44.7,9.12,2460.0,0.22,1
SMP-01165,154.2,53.7,38.5,5.97,2586.0,0.22,0
SMP-01166,205.9,77.4,26.9,3.58,745.0,-0.25,1
SMP-01167,178.5,86.3,41.3,3.58,569.0,-0.09,1
SMP-01168,224.3,63.7,13.8,7.55,646.0,-0.15,1
SMP-01169,244.8,42.4,22.4,5.91,1256.0,-0.16,1
SMP-01170,254.7,34.4,48.1,2.15,1809.0,-0.17,1
SMP-01171,116.8,86.0,46.2,5.41,352.0,0.3,1
SMP-01172,63.1,54.9,27.4,3.18,3023.0,0.37,0
SMP-01173,114.8,82.8,49.5,7.37,3141.0,0.24,1
SMP-01174,204.7,84.6,21.7,3.94,1681.0,-0.16,1
SMP-01175,227.1,47.6,12.0,2.47,1810.0,-0.44,1
SMP-01176,29.1,38.6,42.8,6.02,1906.0,0.26,0
SMP-01177,78.5,70.3,19.2,2.43,418.0,0.02,0
SMP-01178,161.6,77.2,34.6,5.05,1829.0,-0.43,1
SMP-01179,236.0,97.9,13.8,6.55,2079.0,0.47,1
SMP-01180,244.6,87.2,36.5,8.13,1604.0,0.34,1
SMP-01181,220.1,67.9,46.2,9.19,3055.0,0.45,1
SMP-01182,149.4,96.4,34.1,6.63,378.0,-0.11,1
SMP-01183,86.1,95.3,20.0,0.52,538.0,0.14,1
SMP-01184,40.8,66.2,13.6,1.45,2071.0,-0.02,0
SMP-01185,206.2,86.6,37.1,2.98,2077.0,-0.31,1
SMP-01186,230.4,59.2,20.1,5.39,1789.0,-0.01,1
SMP-01187,79.9,95.9,16.7,3.36,2810.0,0.5,1
SMP-01188,257.0,63.0,14.3,8.48,1414.0,0.14,1
SMP-01189,51.8,63.9,44.4,5.87,825.0,0.16,0
SMP-01190,250.2,63.6,31.6,6.03,2200.0,-0.3,1
SMP-01191,180.7,39.2,28.6,3.52,2438.0,-0.23,0
SMP-01192,221.7,38.7,30.6,4.71,642.0,0.46,1
SMP-01193,254.0,42.1,46.6,6.01,682.0,0.46,1
SMP-01194,159.2,66.2,13.5,9.12,1206.0,-0.01,1
SMP-01195,205.8,63.2,34.0,1.37,829.0,-0.33,1
SMP-01196,141.0,76.2,31.0,3.52,1164.0,-0.48,1
SMP-01197,52.2,71.1,12.7,5.25,1495.0,0.09,0
SMP-01198,124.2,90.8,37.2,8.07,2202.0,0.18,1
SMP-01199,58.5,66.2,20.6,6.12,820.0,0.16,0
SMP-01200,257.0,95.2,15.1,0.89,3154.0,0.0,1
SMP-01201,147.6,32.2,46.4,2.65,2308.0,-0.46,0
SMP-01202,124.3,45.4,27.5,2.96,915.0,-0.06,0
SMP-01203,245.0,69.8,30.3,7.27,1177.0,-0.06,1
SMP-01204,157.5,69.5,43.2,6.64,2674.0,-0.32,1
SMP-01205,170.2,75.7,47.2,3.3,963.0,-0.05,1
SMP-01206,197.2,61.9,34.1,0.71,2360.0,0.36,1
SMP-01207,223.7,68.6,51.8,8.81,1073.0,0.07,1
SMP-01208,91.0,71.4,32.8,0.28,509.0,0.23,0
SMP-01209,145.4,32.5,46.7,8.15,2312.0,-0.18,1
SMP-01210,17.9,58.2,28.6,5.76,1669.0,0.29,0
SMP-01211,110.9,64.9,32.6,6.36,603.0,0.21,1
SMP-01212,219.1,77.3,30.3,8.57,1545.0,0.27,1
SMP-01213,110.2,45.0,43.4,5.75,2767.0,0.22,1
SMP-01214,192.5,47.6,33.8,2.9,752.0,0.23,1
SMP-01215,116.0,44.8,40.7,7.03,1505.0,0.48,0
SMP-01216,210.0,33.2,28.5,8.67,1421.0,0.17,1
SMP-01217,244.5,92.5,34.7,5.93,630.0,-0.48,1
SMP-01218,244.6,45.9,29.7,7.84,727.0,0.19,1
SMP-01219,166.1,79.4,27.9,7.13,2776.0,-0.02,1
SMP-01220,27.2,92.9,20.0,1.07,2945.0,0.15,0
SMP-01221,184.0,57.3,13.7,7.3,1764.0,0.48,1
SMP-01222,209.1,61.9,38.1,3.03,2496.0,-0.21,0
SMP-01223,101.3,37.1,39.4,5.57,2787.0,0.44,1
SMP-01224,95.0,65.6,42.7,8.5,1855.0,-0.19,1
SMP-01225,12.3,82.4,38.0,5.42,2233.0,-0.28,0
SMP-01226,174.5,42.0,25.7,3.65,1573.0,0.11,0
SMP-01227,231.2,57.2,44.8,5.27,666.0,-0.21,1
SMP-01228,88.2,70.3,36.2,3.15,3124.0,-0.12,0
SMP-01229,47.3,85.2,41.7,5.99,3032.0,0.49,0
SMP-01230,216.5,72.9,12.9,7.08,1771.0,0.08,1
SMP-01231,201.0,30.2,29.6,2.4,1676.0,0.07,0
SMP-01232,155.2,64.9,14.8,8.76,3071.0,0.2,1
SMP-01233,61.1,34.1,45.5,4.27,2209.0,-0.27,0
SMP-01234,117.3,67.1,42.6,7.13,1791.0,0.37,1
SMP-01235,13.5,95.2,40.1,4.25,735.0,-0.44,0
SMP-01236,234.5,82.6,15.9,3.39,1906.0,0.13,1
SMP-01237,34.1,32.6,24.0,8.43,2760.0,-0.45,0
SMP-01238,46.0,48.6,22.7,5.97,372.0,0.25,0
SMP-01239,183.3,72.4,49.5,5.41,466.0,-0.2,1
SMP-01240,95.4,57.4,45.7,3.77,2231.0,0.38,0
SMP-01241,124.8,51.5,13.7,4.1,427.0,0.2,0
SMP-01242,132.6,94.9,18.3,7.57,3143.0,-0.31,1
SMP-01243,149.9,44.1,14.2,3.06,2586.0,-0.2,0
SMP-01244,79.2,88.8,50.1,5.99,1923.0,0.42,0
SMP-01245,246.5,55.5,44.8,9.15,2486.0,0.38,1
SMP-01246,217.5,31.8,44.0,2.58,1238.0,-0.32,1
SMP-01247,34.3,77.8,36.4,8.66,2922.0,0.08,1
SMP-01248,254.9,80.5,14.3,4.25,3091.0,-0.17,1
SMP-01249,212.9,83.5,17.6,4.35,1183.0,0.28,1
SMP-01250,209.7,90.2,41.1,8.69,2266.0,0.24,1
SMP-01251,243.9,91.0,49.5,0.67,1545.0,-0.35,1
SMP-01252,75.4,84.2,25.4,3.91,2795.0,-0.08,0
SMP-01253,220.5,64.7,47.3,5.07,1701.0,0.48,1
SMP-01254,158.6,31.2,33.5,9.45,989.0,-0.13,1
SMP-01255,152.3,69.2,37.1,0.54,1847.0,-0.4,1
SMP-01256,31.1,39.7,48.3,1.66,1305.0,0.07,0
SMP-01257,108.9,30.5,51.1,3.86,1304.0,0.28,1
SMP-01258,109.3,82.0,14.2,5.06,3035.0,0.32,1
SMP-01259,116.3,85.3,16.4,4.45,884.0,-0.35,1
SMP-01260,28.9,73.5,47.6,2.81,2931.0,0.12,0
SMP-01261,92.9,55.4,35.2,6.31,666.0,-0.46,1
SMP-01262,111.5,90.6,49.4,5.86,1975.0,0.38,1
SMP-01263,166.1,52.0,34.5,4.82,1754.0,0.04,1
SMP-01264,179.2,71.0,42.1,2.01,1655.0,0.49,1
SMP-01265,51.3,40.3,27.1,0.15,1599.0,-0.44,0
SMP-01266,238.0,48.9,49.5,4.21,2714.0,-0.37,1
SMP-01267,104.5,51.8,31.0,4.44,871.0,-0.08,0
SMP-01268,144.1,77.7,25.6,3.32,1081.0,-0.21,0
SMP-01269,220.7,52.0,26.3,2.9,378.0,-0.1,1
SMP-01270,201.1,39.8,34.9,1.23,3106.0,0.06,0
SMP-01271,255.8,79.1,17.6,9.48,2536.0,-0.33,1
SMP-01272,111.2,34.2,47.7,2.21,2835.0,-0.25,1
SMP-01273,232.8,38.5,31.5,0.29,1503.0,0.05,1
SMP-01274,199.7,51.1,26.1,2.73,1514.0,-0.26,1
SMP-01275,105.6,62.9,45.9,5.93,1614.0,0.09,1
SMP-01276,91.4,40.8,29.5,7.51,1145.0,0.1,0
SMP-01277,109.1,56.9,40.1,4.83,1652.0,-0.29,0
SMP-01278,120.5,65.4,16.0,1.01,2876.0,0.15,0
SMP-01279,136.9,59.7,51.1,9.16,856.0,0.48,1
SMP-01280,45.4,61.5,29.2,2.91,2951.0,-0.18,0
SMP-01281,202.2,44.5,16.8,3.69,716.0,-0.07,1
SMP-01282,34.3,53.1,44.3,8.07,2907.0,0.38,1
SMP-01283,102.6,88.2,13.8,7.27,1274.0,0.46,1
SMP-01284,151.1,59.5,45.8,0.42,1513.0,0.14,0
SMP-01285,95.6,61.5,40.9,0.82,1940.0,-0.3,0
SMP-01286,170.2,52.0,43.0,7.45,852.0,-0.33,1
SMP-01287,216.8,62.4,26.3,8.78,1201.0,0.01,1
SMP-01288,128.0,86.8,21.4,2.67,2854.0,-0.29,0
SMP-01289,235.3,39.2,44.0,5.89,2199.0,-0.41,1
SMP-01290,244.4,33.8,43.6,9.3,2559.0,0.42,1
SMP-01291,99.2,91.7,31.4,3.29,2478.0,-0.39,1
SMP-01292,149.7,76.4,14.8,4.71,3110.0,-0.03,1
SMP-01293,20.3,98.0,30.5,2.2,1340.0,0.03,0
SMP-01294,98.8,91.7,41.8,1.07,2749.0,-0.15,0
SMP-01295,65.3,83.3,50.9,3.55,569.0,0.07,1
SMP-01296,86.4,86.9,50.9,3.18,2416.0,-0.48,1
SMP-01297,107.1,55.0,46.3,0.44,1469.0,0.13,0
SMP-01298,75.0,97.4,17.5,4.32,870.0,-0.16,0
SMP-01299,201.3,59.0,30.4,2.82,2286.0,0.49,1
SMP-01300,109.9,44.5,39.4,2.31,3135.0,0.22,0
SMP-01301,122.6,81.5,31.1,1.91,1279.0,0.24,0
SMP-01302,167.9,85.7,35.5,3.09,1424.0,-0.41,1
SMP-01303,135.6,86.1,28.2,8.6,3041.0,0.15,1
SMP-01304,127.6,78.9,45.1,3.76,1547.0,0.22,1
SMP-01305,89.5,58.3,37.2,8.31,2073.0,0.03,1
SMP-01306,185.2,43.0,20.2,7.26,619.0,0.29,1
SMP-01307,225.0,54.9,34.9,8.81,2244.0,0.28,1
SMP-01308,254.1,33.6,33.3,2.95,2907.0,0.05,1
SMP-01309,123.1,46.8,41.9,7.95,1074.0,-0.47,1
SMP-01310,37.7,48.9,22.5,3.59,900.0,0.09,0
SMP-01311,67.7,71.0,22.6,8.67,1100.0,0.08,1
SMP-01312,258.9,46.5,25.6,0.96,1773.0,0.29,1
SMP-01313,51.6,94.1,47.9,8.02,1447.0,-0.43,1
SMP-01314,149.2,33.8,15.2,8.45,2100.0,-0.42,0
SMP-01315,56.7,75.8,49.4,8.73,457.0,0.15,1
SMP-01316,248.0,75.0,45.8,6.32,2315.0,-0.12,1
SMP-01317,135.6,49.1,28.6,5.03,1932.0,-0.32,0
SMP-01318,86.5,63.1,45.9,1.34,1314.0,-0.01,0
SMP-01319,44.6,46.8,18.1,3.71,1987.0,0.26,0
SMP-01320,137.1,45.0,25.5,9.34,2813.0,0.37,1
SMP-01321,99.2,76.2,30.3,9.18,1796.0,-0.28,1
SMP-01322,140.4,63.6,38.2,7.98,1161.0,-0.29,1
SMP-01323,169.9,96.1,17.5,6.25,3113.0,0.26,1
SMP-01324,121.0,35.1,34.6,2.56,927.0,0.38,0
SMP-01325,94.4,44.0,27.1,7.37,2017.0,0.25,0
SMP-01326,219.9,31.1,46.7,7.34,819.0,0.07,1
SMP-01327,101.3,59.7,29.4,1.51,1156.0,-0.16,0
SMP-01328,137.4,43.7,50.8,5.03,1143.0,-0.47,1
SMP-01329,155.7,31.3,42.6,8.02,2770.0,-0.3,1
SMP-01330,139.9,39.6,39.1,0.89,2250.0,-0.26,0
SMP-01331,34.2,94.8,46.4,4.98,1642.0,0.42,0
SMP-01332,113.0,84.4,20.9,8.32,2134.0,0.22,1
SMP-01333,225.8,85.5,27.8,0.59,472.0,-0.2,1
SMP-01334,144.0,65.9,21.8,7.57,1325.0,0.3,0
SMP-01335,237.3,61.9,47.7,2.16,3042.0,-0.22,1
SMP-01336,167.6,42.8,29.9,4.83,2128.0,0.43,1
SMP-01337,131.6,90.4,24.8,5.63,2739.0,0.03,1
SMP-01338,142.7,49.7,42.7,8.08,1723.0,-0.19,1
SMP-01339,36.6,44.9,40.7,1.45,911.0,-0.22,0
SMP-01340,47.7,44.3,12.1,5.8,1965.0,-0.36,0
SMP-01341,218.6,42.8,41.2,0.29,1808.0,0.03,1
SMP-01342,106.2,62.1,41.2,1.47,1632.0,0.12,0
SMP-01343,150.5,47.6,22.2,4.64,333.0,-0.37,0
SMP-01344,168.5,47.1,18.0,7.79,2944.0,-0.31,1
SMP-01345,225.4,95.9,33.3,4.29,738.0,0.38,1
SMP-01346,12.3,31.2,20.8,9.03,2662.0,-0.49,0
SMP-01347,134.5,38.9,39.0,2.55,3065.0,0.34,0
SMP-01348,39.8,52.8,16.6,6.91,2012.0,0.29,0
SMP-01349,229.4,95.9,29.0,0.82,975.0,0.23,1
SMP-01350,77.7,62.9,42.7,6.02,2427.0,-0.36,1
SMP-01351,201.1,90.6,15.5,7.7,1838.0,-0.23,1
SMP-01352,122.8,44.7,12.2,5.93,1152.0,0.4,0
SMP-01353,11.1,45.7,26.1,7.4,546.0,-0.38,0
SMP-01354,194.1,95.7,15.0,6.0,2457.0,0.27,1
SMP-01355,197.9,54.7,31.3,5.48,805.0,-0.21,1
SMP-01356,109.3,46.5,33.2,5.12,1122.0,-0.48,0
SMP-01357,251.1,44.7,26.4,8.28,3056.0,-0.43,1
SMP-01358,89.2,76.2,37.2,6.68,1383.0,-0.39,1
SMP-01359,165.3,81.7,14.0,2.09,1167.0,-0.12,1
SMP-01360,30.8,72.9,14.8,3.03,3056.0,-0.37,0
SMP-01361,69.2,56.3,22.9,3.63,1708.0,0.19,0
SMP-01362,258.4,42.6,28.2,2.29,892.0,-0.45,1
SMP-01363,205.8,84.2,24.7,6.94,1998.0,-0.13,1
SMP-01364,59.8,62.6,51.6,6.01,2640.0,-0.48,0
SMP-01365,43.0,65.5,45.1,0.7,1311.0,0.01,0
SMP-01366,137.9,74.9,44.4,4.87,678.0,0.15,1
SMP-01367,133.1,61.3,13.7,9.0,2855.0,-0.32,0
SMP-01368,20.0,33.3,32.7,5.06,3159.0,-0.41,0
SMP-01369,174.5,90.4,40.7,3.2,3113.0,0.19,1
SMP-01370,19.6,85.1,28.3,7.63,525.0,0.31,0
SMP-01371,258.9,75.4,27.3,5.25,2636.0,-0.19,1
SMP-01372,15.3,62.4,33.7,5.6,2811.0,0.2,0
SMP-01373,100.9,96.5,38.3,4.23,1907.0,0.11,1
SMP-01374,186.9,62.3,42.7,9.43,1737.0,0.18,1
SMP-01375,229.8,79.0,51.3,1.33,2543.0,0.24,1
SMP-01376,13.5,86.4,38.4,8.26,1738.0,-0.4,0
SMP-01377,21.2,43.2,43.2,9.07,1545.0,0.45,0
SMP-01378,201.2,87.0,18.7,0.2,1343.0,-0.06,0
SMP-01379,62.5,72.4,26.4,5.52,1433.0,0.42,0
SMP-01380,94.0,42.4,27.6,0.13,2776.0,-0.03,0
SMP-01381,203.1,70.7,13.1,0.84,2432.0,-0.35,0
SMP-01382,109.6,84.9,44.4,4.69,313.0,0.33,1
SMP-01383,98.8,51.2,35.4,3.37,2434.0,0.26,0
SMP-01384,239.6,71.9,50.3,8.73,1732.0,-0.16,1
SMP-01385,49.0,51.8,16.0,9.07,1596.0,-0.27,0
SMP-01386,204.5,90.7,32.0,5.48,717.0,-0.12,1
SMP-01387,123.6,97.5,38.6,4.81,1364.0,-0.24,1
SMP-01388,116.5,32.4,26.7,7.95,1803.0,0.37,0
SMP-01389,236.2,36.1,36.9,3.76,1269.0,-0.23,1
SMP-01390,11.8,68.6,35.6,3.37,814.0,0.04,0
SMP-01391,252.3,68.4,28.0,4.09,2302.0,-0.39,1
SMP-01392,168.1,55.9,33.8,3.34,2247.0,0.09,1
SMP-01393,58.3,51.2,21.7,7.69,2795.0,-0.31,0
SMP-01394,66.0,36.1,14.4,4.0,2318.0,-0.37,0
SMP-01395,159.1,37.9,45.0,5.09,603.0,-0.02,1
SMP-01396,107.2,43.9,47.3,1.66,3105.0,0.25,0
SMP-01397,58.2,34.6,49.0,4.58,2130.0,0.03,0
SMP-01398,228.8,69.9,49.1,9.27,2210.0,0.17,1
SMP-01399,246.9,58.1,49.4,6.85,1701.0,-0.38,1
SMP-01400,94.0,57.3,50.7,8.58,2070.0,-0.32,1
SMP-01401,248.1,47.7,41.0,2.16,2384.0,0.08,1
SMP-01402,164.2,30.9,22.6,8.79,2815.0,0.38,1
SMP-01403,200.2,42.4,22.4,5.17,366.0,0.07,1
SMP-01404,35.1,75.6,39.5,2.86,1916.0,-0.2,0
SMP-01405,137.0,57.9,51.1,6.25,350.0,0.33,1
SMP-01406,61.1,71.8,15.1,6.93,952.0,-0.25,0
SMP-01407,73.0,55.0,21.7,3.82,2959.0,0.47,0
SMP-01408,109.0,70.4,39.3,9.5,2889.0,0.12,1
SMP-01409,165.4,37.0,47.7,4.67,1549.0,-0.44,1
SMP-01410,50.1,86.7,14.5,3.6,979.0,-0.3,0
SMP-01411,131.4,51.4,27.1,9.29,962.0,0.25,1
SMP-01412,111.7,85.4,36.7,5.53,2846.0,0.2,1
SMP-01413,125.9,75.9,43.3,1.89,2674.0,0.43,1
SMP-01414,168.3,76.4,36.3,5.26,849.0,-0.44,1
SMP-01415,106.4,95.8,19.7,4.24,1152.0,0.49,1
SMP-01416,250.6,81.3,30.8,0.6,2498.0,0.3,1
SMP-01417,53.5,30.0,15.6,6.69,2341.0,-0.15,0
SMP-01418,172.8,33.8,20.4,3.46,2711.0,-0.29,0
SMP-01419,100.3,50.1,25.4,3.81,1804.0,-0.43,0
SMP-01420,241.6,93.1,33.1,3.15,617.0,0.32,1
SMP-01421,235.4,89.7,17.8,9.46,1385.0,-0.19,1
SMP-01422,211.8,97.1,15.4,2.74,1610.0,0.04,1
SMP-01423,239.3,84.2,50.7,2.15,1543.0,-0.28,1
SMP-01424,143.8,51.3,51.7,3.8,394.0,0.08,1
SMP-01425,79.8,92.2,42.5,3.0,2495.0,-0.41,0
SMP-01426,55.7,87.1,48.5,3.0,1600.0,-0.15,1
SMP-01427,13.6,65.1,29.6,0.11,1196.0,-0.29,0
SMP-01428,213.2,64.3,20.2,1.78,2476.0,0.31,0
SMP-01429,38.5,94.4,44.8,4.33,458.0,-0.2,1
SMP-01430,137.8,89.0,47.6,9.31,3162.0,-0.23,1
SMP-01431,205.3,82.1,51.9,1.47,1104.0,0.41,1
SMP-01432,114.9,38.9,26.7,6.5,1616.0,0.46,0
SMP-01433,200.5,59.9,48.7,8.74,2333.0,-0.04,1
SMP-01434,31.0,77.2,40.3,7.33,1751.0,-0.31,1
SMP-01435,163.5,32.3,16.0,4.8,2723.0,0.31,0
SMP-01436,242.7,42.2,24.7,5.33,1554.0,-0.33,1
SMP-01437,158.4,72.7,46.7,8.47,727.0,0.04,1
SMP-01438,185.5,56.7,19.7,5.0,3014.0,0.31,1
SMP-01439,121.6,62.3,20.5,9.43,2024.0,-0.37,1
SMP-01440,105.6,53.7,29.0,7.8,1854.0,-0.32,0
SMP-01441,16.2,79.3,40.0,9.08,601.0,-0.07,0
SMP-01442,109.9,88.9,17.5,1.84,1378.0,0.17,0
SMP-01443,243.8,73.1,37.7,4.11,3117.0,-0.33,1
SMP-01444,41.9,81.1,30.1,2.08,2909.0,0.33,0
SMP-01445,224.1,69.6,37.3,2.59,2650.0,-0.2,1
SMP-01446,87.6,84.0,19.0,5.38,1211.0,-0.09,0
SMP-01447,214.5,67.2,49.6,3.22,725.0,0.25,1
SMP-01448,111.6,71.4,30.1,6.43,1000.0,0.23,1
SMP-01449,80.5,94.5,18.3,7.73,3141.0,-0.32,1
SMP-01450,186.1,31.0,21.2,3.37,2179.0,-0.02,0
SMP-01451,68.5,41.7,22.7,8.03,820.0,-0.37,0
SMP-01452,34.2,80.2,49.7,1.79,1063.0,-0.1,0
SMP-01453,92.9,71.1,14.0,5.78,2701.0,0.25,0
SMP-01454,141.4,94.3,13.6,2.21,2576.0,0.45,1
SMP-01455,259.0,41.2,12.2,5.32,2356.0,-0.38,1
SMP-01456,196.5,65.7,22.8,1.77,2809.0,0.18,1
SMP-01457,190.8,73.7,51.9,3.3,517.0,-0.27,1
SMP-01458,42.9,84.9,33.2,6.8,2325.0,-0.42,1
SMP-01459,163.8,48.2,50.5,1.67,3019.0,-0.33,0
SMP-01460,93.0,33.9,23.4,3.67,2606.0,-0.49,0
SMP-01461,216.9,52.1,34.2,6.45,3055.0,-0.09,1
SMP-01462,16.8,47.6,19.5,0.12,1947.0,0.28,0
SMP-01463,31.1,85.9,21.9,3.93,2219.0,-0.32,0
SMP-01464,44.6,32.5,30.3,7.36,1819.0,-0.47,0
SMP-01465,170.4,69.2,31.1,5.76,1197.0,-0.06,1
SMP-01466,29.7,48.6,37.8,2.51,2819.0,-0.41,0
SMP-01467,171.3,94.3,18.3,1.36,1910.0,-0.39,1
SMP-01468,95.8,74.7,20.0,4.62,2869.0,-0.44,0
SMP-01469,156.9,61.4,14.0,2.47,2694.0,0.32,0
SMP-01470,65.8,31.3,12.1,3.95,1985.0,-0.06,0
SMP-01471,141.6,40.5,27.9,1.62,3024.0,0.3,0
SMP-01472,35.6,91.6,16.8,2.76,1432.0,-0.21,0
SMP-01473,202.7,56.6,32.7,8.62,2689.0,0.42,1
SMP-01474,152.5,35.5,46.1,7.95,2788.0,-0.17,0
SMP-01475,253.9,41.9,27.1,1.36,2908.0,-0.33,1
SMP-01476,52.3,46.6,39.7,8.11,2392.0,0.18,0
SMP-01477,130.7,61.2,35.0,7.8,1165.0,0.28,1
SMP-01478,157.4,33.3,19.4,7.27,2176.0,-0.26,1
SMP-01479,133.4,61.3,29.7,6.16,330.0,-0.37,1
SMP-01480,60.3,88.9,51.4,5.18,1130.0,0.26,1
SMP-01481,186.5,67.3,39.3,5.25,2127.0,-0.5,1
SMP-01482,81.1,75.1,29.7,1.93,876.0,0.25,0
SMP-01483,61.4,39.4,12.1,2.39,3114.0,0.27,0
SMP-01484,33.6,61.7,43.0,6.87,2845.0,0.11,1
SMP-01485,255.9,32.6,45.5,7.48,1482.0,-0.18,1
SMP-01486,43.8,71.8,26.2,7.08,880.0,-0.26,0
SMP-01487,30.2,87.9,21.7,3.14,1950.0,-0.1,0
SMP-01488,186.3,32.5,43.2,4.57,1645.0,0.34,1
SMP-01489,198.7,40.8,51.3,8.54,2330.0,0.18,1
SMP-01490,245.0,46.8,15.3,1.51,1755.0,0.09,1
SMP-01491,73.0,37.6,26.3,5.25,1427.0,0.17,0
SMP-01492,131.7,47.5,46.8,8.54,748.0,-0.29,1
SMP-01493,214.5,64.9,29.3,1.86,994.0,0.49,1
SMP-01494,121.0,45.3,47.6,1.7,2266.0,0.35,1
SMP-01495,160.6,83.7,50.8,0.32,1405.0,-0.42,1
SMP-01496,19.4,31.6,33.7,5.03,2298.0,0.3,0
SMP-01497,53.9,63.8,47.8,5.52,2436.0,0.47,0
SMP-01498,72.7,87.4,15.2,3.01,2226.0,0.16,0
SMP-01499,35.5,49.8,30.6,5.7,901.0,0.24,0
SMP-01500,163.0,91.5,35.2,6.34,2095.0,-0.08,1
SMP-01501,43.5,55.4,35.7,7.76,1755.0,0.39,0
SMP-01502,91.0,64.2,39.8,2.04,2554.0,0.01,0
SMP-01503,153.4,84.2,21.3,1.41,2316.0,0.46,0
SMP-01504,41.1,89.6,22.6,2.95,724.0,0.25,0
SMP-01505,115.5,94.7,14.3,8.57,466.0,-0.24,1
SMP-01506,132.3,30.8,44.0,6.18,470.0,-0.23,1
SMP-01507,15.0,67.1,26.8,7.91,976.0,0.12,0
SMP-01508,60.6,30.4,35.2,0.31,2884.0,0.17,0
SMP-01509,221.4,76.1,30.8,6.63,572.0,0.13,1
SMP-01510,251.9,97.2,37.6,3.32,444.0,0.49,1
SMP-01511,244.4,41.2,18.5,8.41,3154.0,0.21,1
SMP-01512,33.3,50.4,42.1,1.8,2771.0,0.18,0
SMP-01513,51.9,77.3,28.3,3.46,1077.0,-0.16,0
SMP-01514,229.1,32.9,26.0,3.63,478.0,0.49,0
SMP-01515,56.5,68.9,43.4,5.61,918.0,0.08,1
SMP-01516,128.2,64.3,13.6,8.66,2518.0,0.49,1
SMP-01517,84.2,44.5,46.3,3.23,1354.0,-0.11,0
SMP-01518,220.6,60.5,26.0,2.58,2362.0,0.13,1
SMP-01519,221.0,66.2,19.8,3.1,2813.0,0.5,1
SMP-01520,192.1,58.3,44.0,7.5,307.0,0.07,1
SMP-01521,206.0,40.0,25.5,1.88,793.0,-0.41,1
SMP-01522,161.3,58.6,47.6,9.4,2310.0,0.11,1
SMP-01523,157.5,97.3,36.6,2.37,1866.0,-0.18,1
SMP-01524,243.2,93.3,34.8,6.81,2326.0,-0.07,1
SMP-01525,10.5,69.8,34.2,2.47,1506.0,0.11,0
SMP-01526,177.1,51.8,45.4,1.07,2108.0,-0.23,0
SMP-01527,46.9,62.2,30.8,3.23,1996.0,0.35,0
SMP-01528,188.4,78.1,41.9,0.9,2900.0,-0.18,1
SMP-01529,103.6,52.6,38.8,1.32,562.0,-0.12,0
SMP-01530,161.7,82.6,24.5,7.09,1365.0,-0.36,1
SMP-01531,230.1,61.3,20.6,0.34,2030.0,-0.24,1
SMP-01532,103.7,51.5,32.5,4.29,2090.0,-0.32,0
SMP-01533,23.5,85.7,37.6,0.26,1505.0,0.09,0
SMP-01534,219.0,77.9,46.4,8.19,1220.0,0.2,1
SMP-01535,100.2,47.9,22.6,3.49,2126.0,0.17,0
SMP-01536,74.3,82.6,31.2,5.89,3057.0,-0.08,1
SMP-01537,141.7,67.3,24.4,2.42,1131.0,-0.27,1
SMP-01538,259.1,73.3,28.9,4.59,2058.0,-0.43,1
SMP-01539,100.7,82.4,41.6,4.99,1730.0,0.28,1
SMP-01540,135.5,40.2,31.7,5.54,1063.0,-0.15,1
SMP-01541,222.6,89.0,38.7,4.2,1627.0,-0.38,1
SMP-01542,16.5,52.3,20.7,6.41,3035.0,-0.02,0
SMP-01543,180.8,75.7,18.6,2.63,2604.0,0.31,1
SMP-01544,30.8,78.1,14.4,0.64,718.0,-0.41,0
SMP-01545,130.6,65.2,23.9,2.96,1282.0,-0.16,0
SMP-01546,244.4,85.3,25.0,9.19,3137.0,0.39,1
SMP-01547,217.6,57.0,21.3,2.27,2957.0,-0.32,1
SMP-01548,185.4,83.0,28.6,7.11,2820.0,0.39,1
SMP-01549,162.7,43.0,27.3,8.06,523.0,0.12,1
SMP-01550,10.4,57.6,38.0,6.95,1746.0,0.18,0
SMP-01551,199.0,52.9,26.8,4.04,1543.0,-0.34,1
SMP-01552,139.9,35.2,38.7,7.38,2533.0,0.38,1
SMP-01553,133.3,76.9,32.4,5.47,1744.0,-0.25,1
SMP-01554,54.2,48.0,38.6,6.52,1524.0,-0.09,0
SMP-01555,109.2,96.3,35.1,8.28,495.0,-0.11,1
SMP-01556,151.7,77.0,40.6,0.76,1225.0,-0.3,0
SMP-01557,202.9,33.4,46.3,8.29,2317.0,-0.25,1
SMP-01558,224.2,62.1,13.0,6.62,2703.0,-0.04,1
SMP-01559,78.2,87.6,15.8,7.89,752.0,-0.02,0
SMP-01560,231.9,75.7,32.7,1.84,1809.0,-0.24,1
SMP-01561,173.5,96.7,19.1,7.44,837.0,0.09,1
SMP-01562,76.0,72.7,39.9,1.45,813.0,0.34,1
SMP-01563,21.0,89.3,50.1,6.02,1126.0,-0.35,1
SMP-01564,189.2,55.2,48.5,0.94,2453.0,-0.24,1
SMP-01565,194.8,42.7,46.4,5.01,1063.0,0.26,1
SMP-01566,86.9,38.3,17.3,5.51,2108.0,0.03,0
SMP-01567,239.3,61.7,38.7,3.76,439.0,0.45,1
SMP-01568,135.2,71.0,40.1,3.24,1767.0,-0.12,1
SMP-01569,220.1,56.9,37.9,3.22,977.0,-0.48,1
SMP-01570,143.9,87.4,41.5,0.14,1879.0,0.19,1
SMP-01571,108.2,73.8,38.8,2.49,2866.0,-0.02,0
SMP-01572,250.9,68.2,42.5,2.93,1716.0,-0.01,1
SMP-01573,245.1,37.9,45.6,0.21,1847.0,0.27,1
SMP-01574,141.9,63.5,40.5,0.96,2123.0,-0.1,0
SMP-01575,206.0,40.9,16.4,2.21,2853.0,-0.33,0
SMP-01576,133.6,79.4,30.2,3.23,1436.0,-0.29,0
SMP-01577,237.0,51.8,14.4,1.45,1161.0,-0.37,0
SMP-01578,32.3,36.4,32.0,2.29,2122.0,-0.36,0
SMP-01579,236.7,52.3,29.5,5.04,3174.0,0.03,1
SMP-01580,126.1,38.3,30.8,4.29,2120.0,-0.34,0
SMP-01581,162.4,58.9,33.8,7.81,2139.0,0.47,1
SMP-01582,221.1,82.4,26.6,4.71,1662.0,-0.47,1
SMP-01583,200.4,69.7,20.9,6.13,3103.0,0.49,1
SMP-01584,189.6,34.6,21.4,1.21,1484.0,0.05,0
SMP-01585,183.8,72.6,29.2,7.67,2188.0,-0.1,1
SMP-01586,67.3,92.3,39.3,9.17,593.0,0.17,1
SMP-01587,86.6,97.6,42.0,0.27,2390.0,0.28,1
SMP-01588,73.8,79.7,50.9,1.92,342.0,-0.2,1
SMP-01589,212.3,83.8,31.8,6.62,1095.0,0.3,1
SMP-01590,108.6,39.9,30.8,9.02,2723.0,0.37,1
SMP-01591,16.9,46.6,23.0,7.44,701.0,-0.36,0
SMP-01592,195.1,70.2,24.3,7.6,2198.0,0.33,1
SMP-01593,190.6,96.5,35.6,3.12,1402.0,-0.18,1
SMP-01594,86.1,51.6,28.8,2.06,371.0,-0.31,0
SMP-01595,200.7,83.4,49.9,5.23,3040.0,0.21,1
SMP-01596,96.2,68.5,41.8,8.5,1181.0,-0.48,1
SMP-01597,186.2,57.6,12.6,4.44,1489.0,0.46,1
SMP-01598,136.1,73.8,46.5,6.45,2485.0,0.26,1
SMP-01599,42.9,97.2,48.8,6.98,642.0,-0.34,1
SMP-01600,64.1,57.7,12.1,4.89,2549.0,0.3,0
SMP-01601,58.1,86.5,15.2,2.7,2179.0,0.42,0
SMP-01602,122.9,80.4,20.1,2.62,2789.0,0.41,1
SMP-01603,118.4,77.1,38.1,6.12,2420.0,0.28,1
SMP-01604,61.9,37.9,28.0,6.56,1104.0,-0.32,0
SMP-01605,92.6,39.2,32.2,5.22,1936.0,0.18,0
SMP-01606,33.7,58.2,32.5,2.83,1921.0,0.18,0
SMP-01607,78.5,86.0,15.0,8.81,2939.0,-0.04,1
SMP-01608,256.2,64.2,35.4,7.22,2696.0,0.43,1
SMP-01609,84.2,57.3,46.3,3.28,2172.0,-0.16,0
SMP-01610,214.6,74.7,42.0,3.91,2424.0,-0.03,1
SMP-01611,119.2,89.4,42.8,5.25,3001.0,0.28,1
SMP-01612,85.0,35.1,33.6,6.49,1610.0,0.42,0
SMP-01613,133.4,48.3,25.0,9.28,400.0,-0.3,1
SMP-01614,183.5,70.4,41.5,4.35,1353.0,0.25,1
SMP-01615,243.3,68.6,16.7,2.08,2845.0,0.29,1
SMP-01616,90.3,89.5,33.3,1.78,1184.0,-0.06,1
SMP-01617,11.8,44.4,19.4,6.49,349.0,0.14,0
SMP-01618,226.3,61.5,26.3,4.39,494.0,0.4,1
SMP-01619,64.0,40.6,34.6,7.52,3124.0,-0.04,0
SMP-01620,161.8,80.1,12.0,0.44,972.0,-0.37,0
SMP-01621,27.8,62.1,37.5,1.72,2934.0,-0.41,0
SMP-01622,192.8,61.5,31.4,2.83,708.0,-0.02,1
SMP-01623,159.7,78.4,37.2,9.0,773.0,0.43,1
SMP-01624,212.2,97.2,32.4,6.26,510.0,-0.47,1
SMP-01625,165.3,93.2,13.1,2.76,2427.0,0.41,1
SMP-01626,113.3,88.0,13.1,8.69,2463.0,-0.33,1
SMP-01627,139.5,89.6,48.8,2.02,330.0,-0.34,1
SMP-01628,231.6,54.8,45.3,5.33,2784.0,0.34,1
SMP-01629,86.6,73.0,28.3,3.18,2678.0,-0.34,0
SMP-01630,196.5,90.2,34.9,4.25,2512.0,0.36,1
SMP-01631,59.2,69.8,29.7,5.48,486.0,-0.01,1
SMP-01632,107.2,41.4,22.6,4.06,2014.0,-0.18,0
SMP-01633,140.7,69.2,19.8,9.3,3098.0,0.11,1
SMP-01634,91.4,65.8,30.1,2.86,330.0,-0.45,0
SMP-01635,94.5,79.6,20.2,6.55,1531.0,-0.2,0
SMP-01636,240.1,83.1,47.4,1.29,657.0,-0.31,1
SMP-01637,27.1,52.5,40.9,0.75,802.0,0.28,0
SMP-01638,257.3,76.3,47.3,4.59,2030.0,0.45,1
SMP-01639,150.4,56.0,33.1,8.67,2142.0,-0.2,1
SMP-01640,121.6,85.1,14.4,1.74,2785.0,0.41,0
SMP-01641,10.4,62.7,46.7,2.69,2324.0,-0.33,0
SMP-01642,92.8,80.0,30.8,9.26,2835.0,0.1,1
SMP-01643,120.4,80.7,40.0,3.06,1415.0,-0.04,1
SMP-01644,219.7,34.1,28.7,7.57,520.0,0.39,1
SMP-01645,252.8,66.0,22.0,5.05,2504.0,0.42,1
SMP-01646,10.1,71.1,43.3,3.61,2282.0,0.25,0
SMP-01647,84.6,37.4,20.5,4.91,823.0,-0.04,0
SMP-01648,249.1,76.3,19.2,3.66,1400.0,0.3,1
SMP-01649,121.1,72.9,47.0,3.12,1338.0,0.49,1
SMP-01650,89.6,32.6,14.6,2.51,1751.0,0.5,0
SMP-01651,236.9,44.1,24.5,6.46,3111.0,0.32,1
SMP-01652,238.9,52.4,37.1,8.54,3061.0,-0.02,1
SMP-01653,116.1,78.1,50.2,2.59,3067.0,0.35,1
SMP-01654,25.0,89.5,50.2,4.88,2622.0,-0.31,1
SMP-01655,134.1,42.5,19.4,0.87,1322.0,-0.31,0
SMP-01656,36.4,52.6,50.1,3.29,1638.0,0.17,0
SMP-01657,197.4,93.6,35.5,5.99,1396.0,-0.27,1
SMP-01658,87.5,30.7,22.0,7.25,2282.0,0.2,0
SMP-01659,171.0,50.7,27.4,9.39,1744.0,0.09,1
SMP-01660,57.8,93.8,22.8,5.61,1645.0,-0.1,0
SMP-01661,227.8,38.5,18.4,1.79,2808.0,0.36,1
SMP-01662,179.8,55.1,18.0,3.57,2964.0,0.06,0
SMP-01663,17.3,96.8,21.2,2.52,1739.0,-0.36,0
SMP-01664,21.4,80.4,30.5,6.94,896.0,0.28,0
SMP-01665,194.6,87.8,24.0,4.82,2514.0,0.17,1
SMP-01666,219.9,94.1,26.7,8.33,1037.0,0.49,1
SMP-01667,18.8,51.1,41.0,7.2,545.0,-0.46,1
SMP-01668,221.9,57.8,43.5,7.29,3054.0,0.15,1
SMP-01669,172.6,67.0,19.7,0.9,1760.0,0.31,1
SMP-01670,254.9,37.2,49.6,5.85,1581.0,-0.43,1
SMP-01671,162.9,35.7,50.5,7.79,2922.0,0.32,1
SMP-01672,99.0,89.2,24.2,1.35,516.0,-0.15,0
SMP-01673,251.7,59.4,49.5,8.91,2810.0,0.01,1
SMP-01674,113.8,43.9,42.4,4.11,584.0,-0.07,0
SMP-01675,176.5,78.6,13.4,7.96,2888.0,-0.41,1
SMP-01676,135.5,95.6,49.4,1.21,2222.0,0.48,1
SMP-01677,122.9,84.2,23.1,5.73,1280.0,-0.07,1
SMP-01678,258.3,40.3,51.5,4.31,2559.0,0.38,1
SMP-01679,207.9,75.1,49.0,2.99,2049.0,0.34,1
SMP-01680,190.2,79.5,51.6,1.09,785.0,0.42,1
SMP-01681,48.5,58.9,41.4,6.36,2207.0,-0.3,0
SMP-01682,30.4,31.3,29.2,6.87,2728.0,-0.07,0
SMP-01683,252.2,79.8,19.6,8.52,1340.0,0.22,1
SMP-01684,194.5,73.9,24.9,8.23,2121.0,-0.42,1
SMP-01685,102.0,31.8,18.7,9.11,1386.0,0.26,0
SMP-01686,215.5,93.8,39.1,4.09,1205.0,0.24,1
SMP-01687,239.5,50.3,15.9,5.73,640.0,0.03,1
SMP-01688,223.1,76.2,27.1,5.21,1813.0,0.07,1
SMP-01689,251.7,50.6,46.1,0.42,2667.0,0.48,1
SMP-01690,41.7,94.0,24.6,0.8,1882.0,0.19,0
SMP-01691,101.1,42.9,18.3,9.36,1926.0,-0.2,0
SMP-01692,221.9,75.5,41.4,1.25,598.0,-0.32,1
SMP-01693,29.9,61.8,38.3,2.03,1390.0,0.19,0
SMP-01694,111.2,70.8,41.5,1.4,1359.0,-0.41,0
SMP-01695,185.4,67.2,18.3,3.75,1336.0,-0.28,1
SMP-01696,11.2,53.8,15.4,4.33,3106.0,0.49,0
SMP-01697,73.2,77.2,38.5,1.71,2296.0,0.02,0
SMP-01698,154.5,61.7,50.5,7.06,2734.0,-0.4,1
SMP-01699,64.5,46.6,15.2,7.45,1023.0,-0.04,0
SMP-01700,246.9,48.2,27.8,6.35,1419.0,-0.06,1
SMP-01701,116.4,80.5,37.7,0.35,3006.0,-0.26,1
SMP-01702,102.7,37.4,33.4,6.53,741.0,0.47,0
SMP-01703,187.2,65.8,19.0,2.66,3017.0,-0.28,0
SMP-01704,173.5,68.0,29.0,6.08,721.0,0.22,1
SMP-01705,132.8,87.4,23.1,4.44,2205.0,-0.13,0
SMP-01706,250.8,30.5,19.3,3.4,771.0,-0.31,1
SMP-01707,43.1,62.6,33.2,2.65,1558.0,-0.22,0
SMP-01708,193.1,59.9,41.2,3.27,973.0,-0.24,1
SMP-01709,253.6,97.1,28.8,2.01,2554.0,0.38,1
SMP-01710,194.1,68.3,49.4,4.82,1679.0,0.5,1
SMP-01711,77.6,45.8,47.3,1.22,1303.0,-0.3,0
SMP-01712,43.0,47.8,13.5,1.46,2102.0,-0.32,0
SMP-01713,109.3,97.8,48.0,7.37,2262.0,0.44,1
SMP-01714,186.4,34.8,38.1,4.2,516.0,0.33,1
SMP-01715,85.2,39.8,29.9,4.14,2161.0,-0.49,0
SMP-01716,66.5,60.0,44.4,2.13,490.0,0.15,0
SMP-01717,238.4,48.6,34.1,3.16,2571.0,-0.2,1
SMP-01718,242.1,35.7,18.4,3.72,603.0,0.44,1
SMP-01719,180.8,38.1,44.1,5.97,1112.0,-0.4,1
SMP-01720,61.1,85.2,37.6,3.0,593.0,0.08,0
SMP-01721,201.3,45.0,19.0,2.99,803.0,0.45,0
SMP-01722,27.7,33.7,41.6,0.89,2588.0,0.39,0
SMP-01723,73.0,38.6,42.9,0.38,2454.0,-0.01,0
SMP-01724,141.4,33.8,20.9,1.76,1370.0,-0.27,0
SMP-01725,163.0,58.5,49.8,0.45,703.0,0.47,1
SMP-01726,83.6,66.6,43.9,1.0,2655.0,0.24,0
SMP-01727,115.7,82.3,17.0,5.85,831.0,0.14,1
SMP-01728,64.9,34.4,20.8,4.01,2343.0,0.44,0
SMP-01729,188.4,60.1,44.7,8.82,2093.0,0.31,1
SMP-01730,63.7,63.5,24.2,6.53,1009.0,-0.27,0
SMP-01731,40.2,36.0,47.3,1.02,2519.0,0.31,0
SMP-01732,69.5,87.7,17.7,7.84,488.0,0.47,1
SMP-01733,168.1,58.1,25.5,5.21,2601.0,-0.47,1
SMP-01734,55.0,95.8,33.0,1.17,2888.0,0.19,0
SMP-01735,25.2,52.6,42.9,5.94,875.0,-0.03,0
SMP-01736,95.8,42.5,21.6,7.77,2012.0,-0.21,0
SMP-01737,31.8,40.8,14.8,6.33,1496.0,-0.05,0
SMP-01738,30.2,37.5,18.0,9.47,3084.0,-0.06,0
SMP-01739,45.9,68.4,28.0,5.19,2328.0,0.03,0
SMP-01740,220.1,88.2,13.2,7.02,2222.0,0.19,1
SMP-01741,47.6,75.0,12.3,5.09,2650.0,-0.16,0
SMP-01742,64.4,75.1,50.0,9.43,587.0,-0.1,0
SMP-01743,201.7,53.6,51.3,9.35,685.0,0.21,1
SMP-01744,232.9,58.8,15.6,8.61,3049.0,-0.24,1
SMP-01745,14.5,35.8,48.1,8.64,2640.0,0.25,0
SMP-01746,157.8,42.9,50.4,7.8,1537.0,0.09,1
SMP-01747,87.0,45.9,40.3,4.51,1852.0,0.06,1
SMP-01748,200.7,69.2,21.9,5.6,438.0,-0.38,1
SMP-01749,88.7,48.4,43.6,1.7,1193.0,0.29,0
SMP-01750,101.8,69.3,21.5,7.44,3163.0,0.06,0
SMP-01751,164.2,45.3,12.5,1.86,409.0,0.1,1
SMP-01752,24.4,95.0,28.7,6.69,1852.0,0.06,0
SMP-01753,146.4,68.2,16.7,9.43,1904.0,-0.22,0
SMP-01754,246.0,86.0,42.9,2.57,1403.0,-0.42,1
SMP-01755,215.4,42.8,48.3,8.19,860.0,-0.34,1
SMP-01756,256.1,82.9,38.0,9.27,1050.0,-0.23,1
SMP-01757,64.4,65.6,19.4,0.91,2377.0,0.15,0
SMP-01758,174.8,46.4,25.5,7.69,447.0,0.19,1
SMP-01759,20.7,53.6,41.1,0.91,1947.0,0.28,0
SMP-01760,72.1,61.8,44.7,8.75,3043.0,0.41,1
SMP-01761,64.0,91.3,50.7,7.99,628.0,0.31,1
SMP-01762,217.0,46.8,28.6,5.17,2977.0,-0.27,1
SMP-01763,36.0,51.4,50.0,8.6,2261.0,-0.01,1
SMP-01764,26.6,48.8,41.0,8.43,1879.0,-0.29,0
SMP-01765,221.4,67.5,31.1,2.17,310.0,-0.29,1
SMP-01766,152.5,36.0,15.0,0.47,960.0,-0.3,0
SMP-01767,62.8,35.2,30.4,1.32,1877.0,0.2,0
SMP-01768,65.9,41.8,24.2,2.67,967.0,-0.28,0
SMP-01769,81.5,82.3,50.3,5.6,3130.0,0.17,1
SMP-01770,138.1,94.7,22.8,4.41,681.0,-0.48,1
SMP-01771,72.9,88.9,44.5,2.32,1252.0,-0.2,0
SMP-01772,43.5,70.0,27.7,5.28,413.0,0.38,0
SMP-01773,226.4,39.0,24.0,5.66,1996.0,0.46,1
SMP-01774,224.4,61.3,12.3,8.11,1887.0,-0.33,1
SMP-01775,215.4,51.4,23.5,8.84,2447.0,-0.09,1
SMP-01776,247.6,79.4,35.6,3.7,503.0,-0.31,1
SMP-01777,57.5,73.2,23.2,1.66,1199.0,-0.05,0
SMP-01778,114.6,74.4,50.5,0.93,398.0,0.05,1
SMP-01779,158.3,61.0,38.7,5.77,2825.0,0.09,1
SMP-01780,138.3,47.1,21.9,2.6,2120.0,-0.27,0
SMP-01781,51.8,48.1,13.1,8.86,1358.0,-0.22,0
SMP-01782,205.4,33.8,15.6,3.21,1996.0,0.36,0
SMP-01783,241.5,75.4,45.9,9.05,2383.0,-0.36,1
SMP-01784,91.3,97.9,39.1,3.85,1671.0,0.07,1
SMP-01785,80.4,36.8,21.1,6.81,1240.0,-0.25,0
SMP-01786,127.5,82.1,41.1,7.47,2385.0,-0.28,1
SMP-01787,32.4,75.5,17.8,2.8,970.0,-0.07,0
SMP-01788,244.8,70.0,39.2,3.05,1147.0,-0.2,1
SMP-01789,138.1,76.8,27.1,6.3,2460.0,0.14,1
SMP-01790,15.2,46.8,20.2,3.29,1151.0,-0.5,0
SMP-01791,167.8,30.8,32.2,5.79,1340.0,0.27,0
SMP-01792,196.9,70.2,27.0,4.8,1153.0,-0.16,1
SMP-01793,99.7,40.1,39.6,2.95,2836.0,0.33,0
SMP-01794,250.4,44.5,16.5,5.79,966.0,0.15,1
SMP-01795,169.6,76.1,29.3,7.69,1927.0,-0.46,1
SMP-01796,106.0,54.9,46.5,5.99,2265.0,0.11,1
SMP-01797,230.9,76.6,12.2,0.9,2176.0,-0.47,1
SMP-01798,244.5,35.5,37.7,5.56,2885.0,0.13,1
SMP-01799,233.3,53.1,13.0,8.92,551.0,-0.03,1
SMP-01800,179.4,79.0,22.4,7.01,2217.0,-0.17,1
SMP-01801,133.0,35.0,17.4,7.88,2986.0,0.3,0
SMP-01802,165.6,38.2,46.0,2.61,1946.0,-0.06,0
SMP-01803,17.7,71.7,20.3,1.54,652.0,-0.04,0
SMP-01804,176.5,72.3,24.1,8.74,721.0,-0.27,1
SMP-01805,87.5,51.3,32.7,5.3,955.0,0.0,0
SMP-01806,147.1,83.3,45.6,1.74,2263.0,0.26,1
SMP-01807,255.6,75.1,45.4,2.0,2768.0,-0.18,1
SMP-01808,41.2,54.3,17.8,3.2,600.0,0.29,0
SMP-01809,73.6,33.8,42.3,4.13,562.0,0.07,0
SMP-01810,223.1,76.9,30.6,4.66,2248.0,-0.09,1
SMP-01811,42.9,70.6,31.8,3.83,1476.0,-0.13,0
SMP-01812,147.4,59.7,31.1,9.46,1015.0,-0.42,1
SMP-01813,238.2,64.9,36.1,6.63,989.0,-0.1,1
SMP-01814,100.8,71.6,42.5,8.58,2723.0,-0.42,1
SMP-01815,151.8,32.8,28.5,8.37,2957.0,-0.1,1
SMP-01816,51.5,79.4,29.1,1.99,2883.0,0.19,0
SMP-01817,138.2,67.1,12.5,0.45,2395.0,-0.27,0
SMP-01818,162.6,59.8,47.5,9.05,1835.0,0.22,1
SMP-01819,129.7,82.3,39.0,9.27,369.0,0.07,1
SMP-01820,81.6,31.2,14.0,2.95,1358.0,0.27,0
SMP-01821,238.2,89.0,44.6,7.52,1028.0,0.21,1
SMP-01822,138.7,91.8,33.2,3.18,2265.0,-0.17,1
SMP-01823,84.8,86.4,15.2,5.33,2640.0,-0.1,1
SMP-01824,254.8,63.2,51.1,2.15,1604.0,0.13,1
SMP-01825,13.7,82.6,40.8,9.14,1626.0,0.05,0
SMP-01826,201.7,54.9,50.5,7.51,1969.0,-0.3,1
SMP-01827,146.1,64.9,15.1,5.37,2519.0,0.19,0
SMP-01828,49.8,69.8,37.0,4.98,2655.0,-0.37,0
SMP-01829,105.8,63.2,37.7,1.44,559.0,0.25,0
SMP-01830,177.7,52.3,13.3,2.86,1817.0,-0.14,0
SMP-01831,148.6,59.4,31.0,4.95,1298.0,-0.44,0
SMP-01832,220.1,83.6,34.2,6.65,2229.0,-0.12,1
SMP-01833,129.3,83.3,24.6,5.73,2321.0,0.27,1
SMP-01834,166.5,42.9,38.7,2.59,2705.0,0.16,0
SMP-01835,81.7,78.4,44.4,1.55,322.0,0.34,1
SMP-01836,150.6,30.7,41.6,0.76,3108.0,-0.43,0
SMP-01837,182.9,35.0,42.9,4.95,558.0,-0.19,1
SMP-01838,138.6,63.9,46.8,3.89,1832.0,0.03,1
SMP-01839,228.0,62.4,33.0,9.22,788.0,0.32,1
SMP-01840,164.9,30.8,50.6,5.72,1447.0,0.12,1
SMP-01841,115.0,65.3,18.4,5.71,906.0,-0.12,0
SMP-01842,169.7,90.2,36.3,1.69,1847.0,0.49,1
SMP-01843,248.7,40.2,46.1,1.24,988.0,0.12,1
SMP-01844,226.6,39.8,22.7,0.67,1972.0,0.26,0
SMP-01845,169.3,56.2,31.8,3.39,2509.0,-0.33,1
SMP-01846,218.1,54.7,36.3,8.32,1315.0,-0.46,1
SMP-01847,94.5,48.9,45.1,2.47,2365.0,0.08,0
SMP-01848,161.6,52.1,48.5,4.26,1248.0,0.03,1
SMP-01849,181.6,57.3,25.6,1.98,2241.0,0.45,1
SMP-01850,200.1,48.2,37.8,1.06,2127.0,-0.14,1
SMP-01851,134.4,93.9,33.6,2.59,741.0,0.44,1
SMP-01852,236.3,76.8,16.3,0.96,2324.0,0.39,1
SMP-01853,245.6,44.5,18.1,3.91,479.0,0.36,1
SMP-01854,204.6,48.4,46.2,0.91,2571.0,-0.15,1
SMP-01855,128.6,80.3,31.3,6.85,2157.0,-0.25,1
SMP-01856,23.9,69.5,27.5,2.83,1042.0,0.05,0
SMP-01857,210.4,77.4,20.2,0.54,2386.0,0.17,1
SMP-01858,172.9,50.7,30.6,2.15,1251.0,-0.46,0
SMP-01859,107.5,71.0,38.2,6.03,2459.0,0.13,0
SMP-01860,99.0,76.3,26.0,6.95,2021.0,-0.4,1
SMP-01861,162.8,65.3,24.5,1.8,1456.0,0.19,0
SMP-01862,247.2,34.1,29.1,0.48,393.0,-0.37,1
SMP-01863,103.4,48.5,19.1,1.39,2146.0,0.43,0
SMP-01864,128.5,38.1,16.1,8.24,1317.0,-0.14,0
SMP-01865,201.6,72.8,26.7,0.17,1663.0,-0.49,1
SMP-01866,121.3,44.7,20.5,1.69,1545.0,0.39,0
SMP-01867,205.3,63.4,49.6,6.83,1061.0,-0.03,1
SMP-01868,190.9,65.7,45.3,8.47,1685.0,0.38,1
SMP-01869,46.5,46.8,14.5,7.87,2562.0,-0.01,0
SMP-01870,190.3,69.1,36.5,3.96,1818.0,0.09,1
SMP-01871,211.5,92.3,35.4,2.31,608.0,-0.49,1
SMP-01872,104.4,54.5,34.4,0.45,2504.0,0.49,0
SMP-01873,90.7,82.8,20.3,7.19,3072.0,-0.45,1
SMP-01874,142.3,44.6,39.5,6.52,867.0,-0.23,0
SMP-01875,149.5,56.0,43.4,9.25,1522.0,-0.23,1
SMP-01876,48.7,37.6,24.6,5.87,1336.0,0.36,0
SMP-01877,205.5,72.2,27.0,8.33,456.0,0.45,1
SMP-01878,259.5,61.7,24.9,8.5,323.0,0.07,1
SMP-01879,101.0,44.9,37.5,9.36,2402.0,-0.39,1
SMP-01880,112.6,89.3,45.6,7.47,2502.0,-0.47,1
SMP-01881,132.5,60.9,34.5,7.39,1742.0,0.41,1
SMP-01882,105.6,92.0,21.2,1.88,2194.0,0.26,0
SMP-01883,91.3,87.8,14.5,8.57,2780.0,-0.35,0
SMP-01884,185.1,38.6,41.9,6.73,2331.0,0.38,1
SMP-01885,144.3,76.5,29.1,2.66,1983.0,0.44,1
SMP-01886,55.2,36.1,22.4,4.88,540.0,0.06,0
SMP-01887,128.6,42.7,37.6,1.23,2242.0,0.06,0
SMP-01888,47.2,97.1,47.8,4.21,3086.0,-0.41,1
SMP-01889,204.5,84.0,43.7,0.86,1518.0,-0.07,1
SMP-01890,47.8,88.3,20.4,2.15,423.0,0.34,0
SMP-01891,41.0,75.7,40.2,5.24,460.0,0.18,0
SMP-01892,158.5,52.0,31.3,8.55,2449.0,-0.03,1
SMP-01893,53.4,74.2,16.9,3.93,2716.0,-0.38,0
SMP-01894,13.8,37.9,40.1,7.12,2863.0,0.24,0
SMP-01895,134.6,62.7,15.6,6.46,1194.0,-0.25,0
SMP-01896,32.8,39.2,14.6,5.18,2941.0,-0.5,0
SMP-01897,104.7,44.1,40.9,6.34,1917.0,0.24,0
SMP-01898,157.5,43.0,39.0,3.9,1865.0,-0.25,0
SMP-01899,196.6,40.4,34.8,6.96,362.0,-0.05,1
SMP-01900,167.7,72.1,19.7,7.83,1494.0,0.28,1
SMP-01901,156.5,92.4,27.0,0.2,2806.0,-0.21,1
SMP-01902,114.8,92.3,50.4,6.67,1371.0,-0.48,1
SMP-01903,23.8,46.7,14.0,6.07,2292.0,0.08,0
SMP-01904,78.2,41.2,31.6,2.3,1147.0,0.14,0
SMP-01905,80.7,38.6,27.3,0.56,648.0,-0.4,0
SMP-01906,239.0,94.3,39.7,9.46,3198.0,-0.46,1
SMP-01907,154.9,41.2,28.8,3.29,1148.0,-0.22,1
SMP-01908,47.7,43.3,35.8,7.86,2811.0,-0.37,0
SMP-01909,209.5,65.9,31.2,5.42,993.0,0.35,1
SMP-01910,15.7,52.0,38.7,0.42,1046.0,0.23,0
SMP-01911,154.6,75.1,24.7,8.97,983.0,0.49,1
SMP-01912,51.5,59.4,24.7,4.43,2650.0,-0.43,0
SMP-01913,110.6,64.7,33.2,4.15,1096.0,-0.22,1
SMP-01914,257.7,38.1,26.9,8.42,738.0,-0.24,1
SMP-01915,10.3,47.3,16.8,8.18,895.0,-0.29,0
SMP-01916,133.1,67.3,46.1,9.37,1950.0,-0.38,1
SMP-01917,66.6,64.1,14.1,4.73,1999.0,0.49,0
SMP-01918,198.6,45.9,26.2,2.74,972.0,-0.14,1
SMP-01919,54.0,52.6,18.5,6.25,358.0,0.44,0
SMP-01920,106.3,64.2,31.7,9.27,586.0,0.29,1
SMP-01921,28.9,88.0,44.6,8.35,2330.0,0.38,1
SMP-01922,141.1,58.3,15.8,2.71,1205.0,0.05,0
SMP-01923,98.6,36.4,32.2,4.14,1311.0,-0.22,0
SMP-01924,185.8,55.1,36.7,0.89,412.0,0.11,1
SMP-01925,209.0,59.3,51.6,0.87,957.0,0.44,1
SMP-01926,127.7,87.0,51.4,1.86,2699.0,0.49,1
SMP-01927,196.6,38.6,46.0,0.48,1414.0,-0.48,1
SMP-01928,251.8,31.1,27.3,2.23,1527.0,-0.29,0
SMP-01929,67.3,75.8,23.4,3.15,357.0,-0.12,0
SMP-01930,230.9,44.8,17.1,6.08,1486.0,0.38,1
SMP-01931,13.6,72.5,40.6,1.89,1958.0,0.01,0
SMP-01932,149.8,78.0,40.9,6.86,772.0,-0.05,1
SMP-01933,187.3,69.9,49.8,9.49,719.0,-0.3,1
SMP-01934,117.9,71.6,28.3,2.87,2827.0,0.25,1
SMP-01935,189.2,36.2,16.9,4.69,1856.0,0.23,0
SMP-01936,251.6,76.8,14.2,4.91,1176.0,0.09,1
SMP-01937,152.0,76.7,41.4,7.98,318.0,0.06,1
SMP-01938,115.0,77.2,14.5,3.2,853.0,0.47,1
SMP-01939,189.0,35.0,44.5,8.54,617.0,0.05,1
SMP-01940,97.6,58.6,16.0,8.13,1766.0,0.19,0
SMP-01941,115.8,70.6,48.0,8.93,2018.0,-0.11,1
SMP-01942,158.7,35.3,25.8,6.58,1532.0,0.17,1
SMP-01943,100.6,93.8,17.3,8.45,574.0,-0.17,1
SMP-01944,11.0,42.5,14.7,5.43,2231.0,0.41,0
SMP-01945,235.0,75.2,37.2,7.27,3073.0,0.39,1
SMP-01946,186.5,34.4,40.4,2.93,2850.0,-0.11,1
SMP-01947,60.8,65.7,51.1,0.92,2126.0,-0.05,0
SMP-01948,187.2,68.6,43.3,1.25,2122.0,-0.22,1
SMP-01949,19.7,47.0,32.1,8.56,2228.0,0.45,0
SMP-01950,54.0,48.5,25.9,7.51,2440.0,0.25,0
SMP-01951,29.4,60.1,31.6,3.25,1648.0,0.14,0
SMP-01952,176.0,48.6,19.4,4.21,1334.0,0.47,0
SMP-01953,129.7,49.1,24.2,1.39,2642.0,0.08,0
SMP-01954,111.7,62.5,13.5,3.04,416.0,0.1,0
SMP-01955,140.4,93.6,35.5,7.84,2047.0,0.17,1
SMP-01956,23.5,50.0,25.0,3.39,3104.0,0.21,0
SMP-01957,108.8,55.4,22.3,7.14,1815.0,-0.5,0
SMP-01958,164.2,96.1,35.1,5.3,2042.0,0.21,1
SMP-01959,246.6,59.3,23.4,7.86,3005.0,0.01,1
SMP-01960,122.9,76.6,18.6,5.88,424.0,-0.01,1
SMP-01961,198.1,51.6,24.0,0.28,2394.0,-0.05,0
SMP-01962,171.2,94.9,34.8,1.29,3186.0,-0.49,1
SMP-01963,159.8,97.6,42.8,7.17,553.0,-0.06,1
SMP-01964,203.4,94.3,35.2,5.09,966.0,-0.33,1
SMP-01965,12.1,51.8,44.7,4.49,376.0,-0.13,0
SMP-01966,219.0,94.7,39.1,8.94,2667.0,-0.47,1
SMP-01967,178.8,97.8,25.3,5.51,441.0,-0.17,1
SMP-01968,170.6,88.8,27.5,8.15,3093.0,-0.29,1
SMP-01969,133.3,37.2,37.3,2.19,1273.0,-0.43,0
SMP-01970,102.1,77.0,44.8,1.38,2526.0,-0.29,1
SMP-01971,171.8,70.4,43.6,4.72,1143.0,-0.26,1
SMP-01972,257.3,65.7,49.1,3.3,2055.0,0.09,1
SMP-01973,44.0,86.1,23.6,2.05,2734.0,0.37,0
SMP-01974,212.1,77.9,47.6,7.66,3094.0,0.18,1
SMP-01975,250.8,41.3,23.8,7.97,2040.0,-0.06,1
SMP-01976,81.0,66.6,14.8,6.1,1749.0,-0.25,0
SMP-01977,85.6,48.3,46.5,7.18,1573.0,-0.16,0
SMP-01978,85.1,82.5,18.7,2.9,397.0,0.28,0
SMP-01979,127.0,42.0,43.7,9.42,895.0,0.41,1
SMP-01980,181.9,69.9,46.2,7.73,2592.0,-0.5,1
SMP-01981,180.9,56.4,25.2,8.02,2669.0,0.32,1
SMP-01982,73.3,87.2,13.7,7.6,853.0,0.46,1
SMP-01983,44.1,36.8,31.0,0.39,2070.0,-0.06,0
SMP-01984,198.7,46.5,27.0,3.5,462.0,0.04,1
SMP-01985,48.3,93.2,25.5,2.54,1552.0,0.44,0
SMP-01986,69.5,87.2,15.5,9.16,795.0,-0.44,1
SMP-01987,29.8,63.8,37.3,7.92,2076.0,-0.17,0
SMP-01988,224.0,78.3,42.4,5.12,779.0,0.39,1
SMP-01989,127.9,31.1,15.6,6.95,1040.0,0.01,0
SMP-01990,73.7,58.4,42.5,3.27,3151.0,0.4,0
SMP-01991,249.9,51.2,24.6,3.84,2127.0,0.35,1
SMP-01992,245.2,73.6,23.0,7.11,844.0,0.19,1
SMP-01993,135.3,84.6,35.1,1.98,1364.0,0.24,1
SMP-01994,176.8,94.7,16.2,9.26,1947.0,-0.11,1
SMP-01995,207.1,62.6,40.3,3.55,1568.0,0.21,1
SMP-01996,62.3,86.0,20.1,1.18,1991.0,0.12,0
SMP-01997,72.5,91.6,42.7,8.29,1539.0,-0.49,1
SMP-01998,10.7,48.1,14.4,7.28,2550.0,-0.02,0
SMP-01999,237.5,66.6,35.3,6.19,851.0,-0.48,1
SMP-02000,12.4,82.8,14.6,8.85,3128.0,-0.19,0
